Datetime,Open,High,Low,Close,Volume,Dividends,Stock Splits,Symbol,PairCode,BaseCurrency,QuoteCurrency,Category,IsCommodityLinked,IsSafeHaven
2025-08-11 00:00:00+01:00,0.8079299926757812,0.8080499768257141,0.8072699904441833,0.8075299859046936,0,0.0,0.0,USDCHF=X,USDCHF,USD,CHF,major,False,True
2025-08-11 01:00:00+01:00,0.807479977607727,0.8080199956893921,0.807449996471405,0.8076099753379822,0,0.0,0.0,USDCHF=X,USDCHF,USD,CHF,major,False,True
2025-08-11 02:00:00+01:00,0.8076099753379822,0.8077300190925598,0.80690997838974,0.8069999814033508,0,0.0,0.0,USDCHF=X,USDCHF,USD,CHF,major,False,True
2025-08-11 03:00:00+01:00,0.8069499731063843,0.8070300221443176,0.8065400123596191,0.8068199753761292,0,0.0,0.0,USDCHF=X,USDCHF,USD,CHF,major,False,True
2025-08-11 04:00:00+01:00,0.8067799806594849,0.8069499731063843,0.8062400221824646,0.8064699769020081,0,0.0,0.0,USDCHF=X,USDCHF,USD,CHF,major,False,True
2025-08-11 05:00:00+01:00,0.8064699769020081,0.8065099716186523,0.8062000274658203,0.806410014629364,0,0.0,0.0,USDCHF=X,USDCHF,USD,CHF,major,False,True
2025-08-11 06:00:00+01:00,0.8063799738883972,0.8065999746322632,0.8062400221824646,0.806439995765686,0,0.0,0.0,USDCHF=X,USDCHF,USD,CHF,major,False,True
2025-08-11 07:00:00+01:00,0.8064500093460083,0.8070899844169617,0.8060700297355652,0.8068299889564514,0,0.0,0.0,USDCHF=X,USDCHF,USD,CHF,major,False,True
2025-08-11 08:00:00+01:00,0.8068400025367737,0.8080000281333923,0.8068199753761292,0.8079599738121033,0,0.0,0.0,USDCHF=X,USDCHF,USD,CHF,major,False,True
2025-08-11 09:00:00+01:00,0.8079400062561035,0.8085600137710571,0.8078500032424927,0.8083000183105469,0,0.0,0.0,USDCHF=X,USDCHF,USD,CHF,major,False,True
2025-08-11 10:00:00+01:00,0.8083299994468689,0.809719979763031,0.8081499934196472,0.809469997882843,0,0.0,0.0,USDCHF=X,USDCHF,USD,CHF,major,False,True
2025-08-11 11:00:00+01:00,0.8094599843025208,0.8100000023841858,0.8093500137329102,0.8095399737358093,0,0.0,0.0,USDCHF=X,USDCHF,USD,CHF,major,False,True
2025-08-11 12:00:00+01:00,0.8095600008964539,0.811269998550415,0.8094300031661987,0.8109099864959717,0,0.0,0.0,USDCHF=X,USDCHF,USD,CHF,major,False,True
2025-08-11 13:00:00+01:00,0.8108800053596497,0.8117200136184692,0.810670018196106,0.8114500045776367,0,0.0,0.0,USDCHF=X,USDCHF,USD,CHF,major,False,True
2025-08-11 14:00:00+01:00,0.8114100098609924,0.811739981174469,0.8109099864959717,0.8116400241851807,0,0.0,0.0,USDCHF=X,USDCHF,USD,CHF,major,False,True
2025-08-11 15:00:00+01:00,0.8115900158882141,0.8131600022315979,0.8115800023078918,0.8125500082969666,0,0.0,0.0,USDCHF=X,USDCHF,USD,CHF,major,False,True
2025-08-11 16:00:00+01:00,0.8125100135803223,0.8131999969482422,0.8122299909591675,0.8127099871635437,0,0.0,0.0,USDCHF=X,USDCHF,USD,CHF,major,False,True
2025-08-11 17:00:00+01:00,0.812690019607544,0.8129000067710876,0.8122900128364563,0.8125900030136108,0,0.0,0.0,USDCHF=X,USDCHF,USD,CHF,major,False,True
2025-08-11 18:00:00+01:00,0.8125900030136108,0.8130199909210205,0.8121399879455566,0.8122299909591675,0,0.0,0.0,USDCHF=X,USDCHF,USD,CHF,major,False,True
2025-08-11 19:00:00+01:00,0.8122199773788452,0.8126199841499329,0.8121899962425232,0.8123000264167786,0,0.0,0.0,USDCHF=X,USDCHF,USD,CHF,major,False,True
2025-08-11 20:00:00+01:00,0.812279999256134,0.8128499984741211,0.8122299909591675,0.8126400113105774,0,0.0,0.0,USDCHF=X,USDCHF,USD,CHF,major,False,True
2025-08-11 21:00:00+01:00,0.8126699924468994,0.8127099871635437,0.8118900060653687,0.8120899796485901,0,0.0,0.0,USDCHF=X,USDCHF,USD,CHF,major,False,True
2025-08-11 22:00:00+01:00,0.812030017375946,0.8125200271606445,0.8104100227355957,0.8111900091171265,0,0.0,0.0,USDCHF=X,USDCHF,USD,CHF,major,False,True
2025-08-11 23:00:00+01:00,0.8111799955368042,0.8126299977302551,0.8111799955368042,0.8124899864196777,0,0.0,0.0,USDCHF=X,USDCHF,USD,CHF,major,False,True
2025-08-12 00:00:00+01:00,0.812470018863678,0.8125100135803223,0.8119300007820129,0.8120499849319458,0,0.0,0.0,USDCHF=X,USDCHF,USD,CHF,major,False,True
2025-08-12 01:00:00+01:00,0.8120599985122681,0.8122900128364563,0.8116400241851807,0.8118900060653687,0,0.0,0.0,USDCHF=X,USDCHF,USD,CHF,major,False,True
2025-08-12 02:00:00+01:00,0.8119000196456909,0.8119400143623352,0.8108500242233276,0.8110600113868713,0,0.0,0.0,USDCHF=X,USDCHF,USD,CHF,major,False,True
2025-08-12 03:00:00+01:00,0.8111000061035156,0.8113999962806702,0.8107699751853943,0.810949981212616,0,0.0,0.0,USDCHF=X,USDCHF,USD,CHF,major,False,True
2025-08-12 04:00:00+01:00,0.8109999895095825,0.8113200068473816,0.8107399940490723,0.8112199902534485,0,0.0,0.0,USDCHF=X,USDCHF,USD,CHF,major,False,True
2025-08-12 05:00:00+01:00,0.8112999796867371,0.8115299940109253,0.8108800053596497,0.810920000076294,0,0.0,0.0,USDCHF=X,USDCHF,USD,CHF,major,False,True
2025-08-12 06:00:00+01:00,0.8109300136566162,0.8111000061035156,0.8104199767112732,0.8110399842262268,0,0.0,0.0,USDCHF=X,USDCHF,USD,CHF,major,False,True
2025-08-12 07:00:00+01:00,0.8111000061035156,0.811710000038147,0.8106899857521057,0.8116300106048584,0,0.0,0.0,USDCHF=X,USDCHF,USD,CHF,major,False,True
2025-08-12 08:00:00+01:00,0.8116099834442139,0.8116999864578247,0.809719979763031,0.809939980506897,0,0.0,0.0,USDCHF=X,USDCHF,USD,CHF,major,False,True
2025-08-12 09:00:00+01:00,0.809909999370575,0.8101500272750854,0.8091300129890442,0.809909999370575,0,0.0,0.0,USDCHF=X,USDCHF,USD,CHF,major,False,True
2025-08-12 10:00:00+01:00,0.8099300265312195,0.8109599947929382,0.8096699714660645,0.8107900023460388,0,0.0,0.0,USDCHF=X,USDCHF,USD,CHF,major,False,True
2025-08-12 11:00:00+01:00,0.8108000159263611,0.8111199736595154,0.8101300001144409,0.8109800219535828,0,0.0,0.0,USDCHF=X,USDCHF,USD,CHF,major,False,True
2025-08-12 12:00:00+01:00,0.810949981212616,0.8118100166320801,0.8109400272369385,0.8113099932670593,0,0.0,0.0,USDCHF=X,USDCHF,USD,CHF,major,False,True
2025-08-12 13:00:00+01:00,0.8113099932670593,0.8118600249290466,0.8082000017166138,0.8096299767494202,0,0.0,0.0,USDCHF=X,USDCHF,USD,CHF,major,False,True
2025-08-12 14:00:00+01:00,0.8096200227737427,0.8111600279808044,0.8078299760818481,0.8092700242996216,0,0.0,0.0,USDCHF=X,USDCHF,USD,CHF,major,False,True
2025-08-12 15:00:00+01:00,0.8093000054359436,0.8104100227355957,0.8086100220680237,0.809149980545044,0,0.0,0.0,USDCHF=X,USDCHF,USD,CHF,major,False,True
2025-08-12 16:00:00+01:00,0.8091800212860107,0.8093699812889099,0.8065999746322632,0.8080999851226807,0,0.0,0.0,USDCHF=X,USDCHF,USD,CHF,major,False,True
2025-08-12 17:00:00+01:00,0.8081099987030029,0.8085299730300903,0.8069999814033508,0.8073599934577942,0,0.0,0.0,USDCHF=X,USDCHF,USD,CHF,major,False,True
2025-08-12 18:00:00+01:00,0.8073800206184387,0.8078600168228149,0.8071799874305725,0.8075600266456604,0,0.0,0.0,USDCHF=X,USDCHF,USD,CHF,major,False,True
2025-08-12 19:00:00+01:00,0.8075600266456604,0.8079000115394592,0.8070799708366394,0.8073300123214722,0,0.0,0.0,USDCHF=X,USDCHF,USD,CHF,major,False,True
2025-08-12 20:00:00+01:00,0.8073400259017944,0.8075000047683716,0.8061299920082092,0.8063899874687195,0,0.0,0.0,USDCHF=X,USDCHF,USD,CHF,major,False,True
2025-08-12 21:00:00+01:00,0.8064699769020081,0.8068600296974182,0.8060200214385986,0.8066800236701965,0,0.0,0.0,USDCHF=X,USDCHF,USD,CHF,major,False,True
2025-08-12 22:00:00+01:00,0.8062099814414978,0.8071100115776062,0.8054100275039673,0.8063499927520752,0,0.0,0.0,USDCHF=X,USDCHF,USD,CHF,major,False,True
2025-08-12 23:00:00+01:00,0.8062199950218201,0.806410014629364,0.8058300018310547,0.8062400221824646,0,0.0,0.0,USDCHF=X,USDCHF,USD,CHF,major,False,True
2025-08-13 00:00:00+01:00,0.8062300086021423,0.8062999844551086,0.8060500025749207,0.8061800003051758,0,0.0,0.0,USDCHF=X,USDCHF,USD,CHF,major,False,True
2025-08-13 01:00:00+01:00,0.8061599731445312,0.8069700002670288,0.8060500025749207,0.8064299821853638,0,0.0,0.0,USDCHF=X,USDCHF,USD,CHF,major,False,True
2025-08-13 02:00:00+01:00,0.806410014629364,0.8068000078201294,0.8060899972915649,0.8067399859428406,0,0.0,0.0,USDCHF=X,USDCHF,USD,CHF,major,False,True
2025-08-13 03:00:00+01:00,0.8067499995231628,0.8071500062942505,0.8063499927520752,0.8065900206565857,0,0.0,0.0,USDCHF=X,USDCHF,USD,CHF,major,False,True
2025-08-13 04:00:00+01:00,0.8065999746322632,0.8067499995231628,0.8062300086021423,0.8065099716186523,0,0.0,0.0,USDCHF=X,USDCHF,USD,CHF,major,False,True
2025-08-13 05:00:00+01:00,0.8065199851989746,0.8068400025367737,0.8064299821853638,0.8064500093460083,0,0.0,0.0,USDCHF=X,USDCHF,USD,CHF,major,False,True
2025-08-13 06:00:00+01:00,0.806439995765686,0.806879997253418,0.8063899874687195,0.8065000176429749,0,0.0,0.0,USDCHF=X,USDCHF,USD,CHF,major,False,True
2025-08-13 07:00:00+01:00,0.806439995765686,0.8068199753761292,0.8054900169372559,0.8057799935340881,0,0.0,0.0,USDCHF=X,USDCHF,USD,CHF,major,False,True
2025-08-13 08:00:00+01:00,0.8057799935340881,0.8059200048446655,0.8033699989318848,0.8036400079727173,0,0.0,0.0,USDCHF=X,USDCHF,USD,CHF,major,False,True
2025-08-13 09:00:00+01:00,0.8036500215530396,0.8037099838256836,0.8025299906730652,0.8033699989318848,0,0.0,0.0,USDCHF=X,USDCHF,USD,CHF,major,False,True
2025-08-13 10:00:00+01:00,0.8033599853515625,0.8033999800682068,0.8021699786186218,0.802619993686676,0,0.0,0.0,USDCHF=X,USDCHF,USD,CHF,major,False,True
2025-08-13 11:00:00+01:00,0.8026599884033203,0.803849995136261,0.8024799823760986,0.8037499785423279,0,0.0,0.0,USDCHF=X,USDCHF,USD,CHF,major,False,True
2025-08-13 12:00:00+01:00,0.8037400245666504,0.8040099740028381,0.8030300140380859,0.80308997631073,0,0.0,0.0,USDCHF=X,USDCHF,USD,CHF,major,False,True
2025-08-13 13:00:00+01:00,0.8030999898910522,0.8044000267982483,0.8027799725532532,0.8044000267982483,0,0.0,0.0,USDCHF=X,USDCHF,USD,CHF,major,False,True
2025-08-13 14:00:00+01:00,0.8043799996376038,0.8049499988555908,0.8041399717330933,0.8045200109481812,0,0.0,0.0,USDCHF=X,USDCHF,USD,CHF,major,False,True
2025-08-13 15:00:00+01:00,0.8045399785041809,0.804610013961792,0.8034300208091736,0.8038399815559387,0,0.0,0.0,USDCHF=X,USDCHF,USD,CHF,major,False,True
2025-08-13 16:00:00+01:00,0.8038399815559387,0.8047599792480469,0.8037700057029724,0.8043500185012817,0,0.0,0.0,USDCHF=X,USDCHF,USD,CHF,major,False,True
2025-08-13 17:00:00+01:00,0.8043500185012817,0.8050000071525574,0.8041899800300598,0.8049499988555908,0,0.0,0.0,USDCHF=X,USDCHF,USD,CHF,major,False,True
2025-08-13 18:00:00+01:00,0.8049600124359131,0.8053200244903564,0.8047000169754028,0.8051599860191345,0,0.0,0.0,USDCHF=X,USDCHF,USD,CHF,major,False,True
2025-08-13 19:00:00+01:00,0.8051400184631348,0.8058099746704102,0.8051199913024902,0.8055099844932556,0,0.0,0.0,USDCHF=X,USDCHF,USD,CHF,major,False,True
2025-08-13 20:00:00+01:00,0.8055400252342224,0.8057199716567993,0.8052999973297119,0.8055099844932556,0,0.0,0.0,USDCHF=X,USDCHF,USD,CHF,major,False,True
2025-08-13 21:00:00+01:00,0.8055300116539001,0.8056600093841553,0.8045499920845032,0.8047000169754028,0,0.0,0.0,USDCHF=X,USDCHF,USD,CHF,major,False,True
2025-08-13 22:00:00+01:00,0.8047000169754028,0.8051999807357788,0.8029000163078308,0.8041499853134155,0,0.0,0.0,USDCHF=X,USDCHF,USD,CHF,major,False,True
2025-08-13 23:00:00+01:00,0.8042899966239929,0.8053200244903564,0.8042899966239929,0.8052600026130676,0,0.0,0.0,USDCHF=X,USDCHF,USD,CHF,major,False,True
2025-08-14 00:00:00+01:00,0.8051300048828125,0.8051999807357788,0.8047199845314026,0.8047500252723694,0,0.0,0.0,USDCHF=X,USDCHF,USD,CHF,major,False,True
2025-08-14 01:00:00+01:00,0.8047500252723694,0.8051999807357788,0.8046000003814697,0.8049100041389465,0,0.0,0.0,USDCHF=X,USDCHF,USD,CHF,major,False,True
2025-08-14 02:00:00+01:00,0.8048999905586243,0.8051000237464905,0.8044000267982483,0.804830014705658,0,0.0,0.0,USDCHF=X,USDCHF,USD,CHF,major,False,True
2025-08-14 03:00:00+01:00,0.804830014705658,0.8058000206947327,0.8047900199890137,0.805400013923645,0,0.0,0.0,USDCHF=X,USDCHF,USD,CHF,major,False,True
2025-08-14 04:00:00+01:00,0.805400013923645,0.8057000041007996,0.8053299784660339,0.8054999709129333,0,0.0,0.0,USDCHF=X,USDCHF,USD,CHF,major,False,True
2025-08-14 05:00:00+01:00,0.8055400252342224,0.8055999875068665,0.8051000237464905,0.8052099943161011,0,0.0,0.0,USDCHF=X,USDCHF,USD,CHF,major,False,True
2025-08-14 06:00:00+01:00,0.8052300214767456,0.8058000206947327,0.8052300214767456,0.8054999709129333,0,0.0,0.0,USDCHF=X,USDCHF,USD,CHF,major,False,True
2025-08-14 07:00:00+01:00,0.8054999709129333,0.8065000176429749,0.805109977722168,0.8064299821853638,0,0.0,0.0,USDCHF=X,USDCHF,USD,CHF,major,False,True
2025-08-14 08:00:00+01:00,0.8064000010490417,0.8067399859428406,0.8058500289916992,0.8064699769020081,0,0.0,0.0,USDCHF=X,USDCHF,USD,CHF,major,False,True
2025-08-14 09:00:00+01:00,0.8064600229263306,0.8069000244140625,0.8059300184249878,0.8066700100898743,0,0.0,0.0,USDCHF=X,USDCHF,USD,CHF,major,False,True
2025-08-14 10:00:00+01:00,0.8066800236701965,0.8068600296974182,0.805649995803833,0.8063600063323975,0,0.0,0.0,USDCHF=X,USDCHF,USD,CHF,major,False,True
2025-08-14 11:00:00+01:00,0.8063399791717529,0.806439995765686,0.8053100109100342,0.8055199980735779,0,0.0,0.0,USDCHF=X,USDCHF,USD,CHF,major,False,True
2025-08-14 12:00:00+01:00,0.8054999709129333,0.8059999942779541,0.8050100207328796,0.8054100275039673,0,0.0,0.0,USDCHF=X,USDCHF,USD,CHF,major,False,True
2025-08-14 13:00:00+01:00,0.8053699731826782,0.8080899715423584,0.805109977722168,0.8065800070762634,0,0.0,0.0,USDCHF=X,USDCHF,USD,CHF,major,False,True
2025-08-14 14:00:00+01:00,0.8065999746322632,0.808139979839325,0.8060600161552429,0.8077999949455261,0,0.0,0.0,USDCHF=X,USDCHF,USD,CHF,major,False,True
2025-08-14 15:00:00+01:00,0.8077999949455261,0.8087900280952454,0.8069900274276733,0.8070200085639954,0,0.0,0.0,USDCHF=X,USDCHF,USD,CHF,major,False,True
2025-08-14 16:00:00+01:00,0.8070300221443176,0.8085399866104126,0.8070099949836731,0.8078100085258484,0,0.0,0.0,USDCHF=X,USDCHF,USD,CHF,major,False,True
2025-08-14 17:00:00+01:00,0.8078100085258484,0.8092600107192993,0.8077800273895264,0.8087900280952454,0,0.0,0.0,USDCHF=X,USDCHF,USD,CHF,major,False,True
2025-08-14 18:00:00+01:00,0.8087499737739563,0.8088600039482117,0.8081200122833252,0.8085600137710571,0,0.0,0.0,USDCHF=X,USDCHF,USD,CHF,major,False,True
2025-08-14 19:00:00+01:00,0.8085600137710571,0.8087400197982788,0.8083000183105469,0.808430016040802,0,0.0,0.0,USDCHF=X,USDCHF,USD,CHF,major,False,True
2025-08-14 20:00:00+01:00,0.8084700107574463,0.8084999918937683,0.8071600198745728,0.8075299859046936,0,0.0,0.0,USDCHF=X,USDCHF,USD,CHF,major,False,True
2025-08-14 21:00:00+01:00,0.8074899911880493,0.8077499866485596,0.8071699738502502,0.8073300123214722,0,0.0,0.0,USDCHF=X,USDCHF,USD,CHF,major,False,True
2025-08-14 22:00:00+01:00,0.8073300123214722,0.8084999918937683,0.8058500289916992,0.8071500062942505,0,0.0,0.0,USDCHF=X,USDCHF,USD,CHF,major,False,True
2025-08-14 23:00:00+01:00,0.8072999715805054,0.807699978351593,0.8070099949836731,0.8075100183486938,0,0.0,0.0,USDCHF=X,USDCHF,USD,CHF,major,False,True
2025-08-15 00:00:00+01:00,0.8075399994850159,0.8077999949455261,0.8072999715805054,0.8075900077819824,0,0.0,0.0,USDCHF=X,USDCHF,USD,CHF,major,False,True
2025-08-15 01:00:00+01:00,0.8075900077819824,0.8079299926757812,0.8075000047683716,0.8076300024986267,0,0.0,0.0,USDCHF=X,USDCHF,USD,CHF,major,False,True
2025-08-15 02:00:00+01:00,0.8076000213623047,0.8078299760818481,0.8070099949836731,0.8073499798774719,0,0.0,0.0,USDCHF=X,USDCHF,USD,CHF,major,False,True
2025-08-15 03:00:00+01:00,0.8073300123214722,0.807449996471405,0.8068400025367737,0.8068699836730957,0,0.0,0.0,USDCHF=X,USDCHF,USD,CHF,major,False,True
2025-08-15 04:00:00+01:00,0.80690997838974,0.8069300055503845,0.8064699769020081,0.8067799806594849,0,0.0,0.0,USDCHF=X,USDCHF,USD,CHF,major,False,True
2025-08-15 05:00:00+01:00,0.8067600131034851,0.8069999814033508,0.8064299821853638,0.8064799904823303,0,0.0,0.0,USDCHF=X,USDCHF,USD,CHF,major,False,True
2025-08-15 06:00:00+01:00,0.8065000176429749,0.8065999746322632,0.8060899972915649,0.8061299920082092,0,0.0,0.0,USDCHF=X,USDCHF,USD,CHF,major,False,True
2025-08-15 07:00:00+01:00,0.8061100244522095,0.8068000078201294,0.8059300184249878,0.8062199950218201,0,0.0,0.0,USDCHF=X,USDCHF,USD,CHF,major,False,True
2025-08-15 08:00:00+01:00,0.8062199950218201,0.8064000010490417,0.8051000237464905,0.8052600026130676,0,0.0,0.0,USDCHF=X,USDCHF,USD,CHF,major,False,True
2025-08-15 09:00:00+01:00,0.8052399754524231,0.8058800101280212,0.8048999905586243,0.8051199913024902,0,0.0,0.0,USDCHF=X,USDCHF,USD,CHF,major,False,True
2025-08-15 10:00:00+01:00,0.8051300048828125,0.805620014667511,0.8047299981117249,0.8055300116539001,0,0.0,0.0,USDCHF=X,USDCHF,USD,CHF,major,False,True
2025-08-15 11:00:00+01:00,0.8054900169372559,0.806119978427887,0.8052800297737122,0.8059800267219543,0,0.0,0.0,USDCHF=X,USDCHF,USD,CHF,major,False,True
2025-08-15 12:00:00+01:00,0.8059499859809875,0.806119978427887,0.8055599927902222,0.8058099746704102,0,0.0,0.0,USDCHF=X,USDCHF,USD,CHF,major,False,True
2025-08-15 13:00:00+01:00,0.8058000206947327,0.8069499731063843,0.8048400282859802,0.8054100275039673,0,0.0,0.0,USDCHF=X,USDCHF,USD,CHF,major,False,True
2025-08-15 14:00:00+01:00,0.8054100275039673,0.8064699769020081,0.8049600124359131,0.8052800297737122,0,0.0,0.0,USDCHF=X,USDCHF,USD,CHF,major,False,True
2025-08-15 15:00:00+01:00,0.8053299784660339,0.8054999709129333,0.8045300245285034,0.8051000237464905,0,0.0,0.0,USDCHF=X,USDCHF,USD,CHF,major,False,True
2025-08-15 16:00:00+01:00,0.8050900101661682,0.8062599897384644,0.8049200177192688,0.8060899972915649,0,0.0,0.0,USDCHF=X,USDCHF,USD,CHF,major,False,True
2025-08-15 17:00:00+01:00,0.8060899972915649,0.8066999912261963,0.8059300184249878,0.8062099814414978,0,0.0,0.0,USDCHF=X,USDCHF,USD,CHF,major,False,True
2025-08-15 18:00:00+01:00,0.8061800003051758,0.8064000010490417,0.8057299852371216,0.8061299920082092,0,0.0,0.0,USDCHF=X,USDCHF,USD,CHF,major,False,True
2025-08-15 19:00:00+01:00,0.8060899972915649,0.8065999746322632,0.8060899972915649,0.8061599731445312,0,0.0,0.0,USDCHF=X,USDCHF,USD,CHF,major,False,True
2025-08-15 20:00:00+01:00,0.806190013885498,0.8065999746322632,0.8061100244522095,0.8065599799156189,0,0.0,0.0,USDCHF=X,USDCHF,USD,CHF,major,False,True
2025-08-15 21:00:00+01:00,0.8065099716186523,0.8069199919700623,0.8059099912643433,0.8063499927520752,0,0.0,0.0,USDCHF=X,USDCHF,USD,CHF,major,False,True
2025-08-18 00:00:00+01:00,0.8062300086021423,0.8069000244140625,0.8062000274658203,0.8065099716186523,0,0.0,0.0,USDCHF=X,USDCHF,USD,CHF,major,False,True
2025-08-18 01:00:00+01:00,0.8065199851989746,0.80690997838974,0.8062499761581421,0.8065999746322632,0,0.0,0.0,USDCHF=X,USDCHF,USD,CHF,major,False,True
2025-08-18 02:00:00+01:00,0.8065999746322632,0.8069999814033508,0.8059599995613098,0.8060399889945984,0,0.0,0.0,USDCHF=X,USDCHF,USD,CHF,major,False,True
2025-08-18 03:00:00+01:00,0.8060399889945984,0.8066200017929077,0.805899977684021,0.8064900040626526,0,0.0,0.0,USDCHF=X,USDCHF,USD,CHF,major,False,True
2025-08-18 04:00:00+01:00,0.8064900040626526,0.8065500259399414,0.8060799837112427,0.806190013885498,0,0.0,0.0,USDCHF=X,USDCHF,USD,CHF,major,False,True
2025-08-18 05:00:00+01:00,0.806190013885498,0.8062599897384644,0.8058300018310547,0.8059499859809875,0,0.0,0.0,USDCHF=X,USDCHF,USD,CHF,major,False,True
2025-08-18 06:00:00+01:00,0.8059399724006653,0.8063200116157532,0.8058000206947327,0.8059099912643433,0,0.0,0.0,USDCHF=X,USDCHF,USD,CHF,major,False,True
2025-08-18 07:00:00+01:00,0.8059099912643433,0.8064000010490417,0.8057100176811218,0.8057500123977661,0,0.0,0.0,USDCHF=X,USDCHF,USD,CHF,major,False,True
2025-08-18 08:00:00+01:00,0.8057500123977661,0.8069599866867065,0.8054400086402893,0.806850016117096,0,0.0,0.0,USDCHF=X,USDCHF,USD,CHF,major,False,True
2025-08-18 09:00:00+01:00,0.806850016117096,0.8078699707984924,0.8067200183868408,0.807129979133606,0,0.0,0.0,USDCHF=X,USDCHF,USD,CHF,major,False,True
2025-08-18 10:00:00+01:00,0.8071399927139282,0.8077300190925598,0.806850016117096,0.8073499798774719,0,0.0,0.0,USDCHF=X,USDCHF,USD,CHF,major,False,True
2025-08-18 11:00:00+01:00,0.8073499798774719,0.8074300289154053,0.8067200183868408,0.8071600198745728,0,0.0,0.0,USDCHF=X,USDCHF,USD,CHF,major,False,True
2025-08-18 12:00:00+01:00,0.8071600198745728,0.8073999881744385,0.8065299987792969,0.8072500228881836,0,0.0,0.0,USDCHF=X,USDCHF,USD,CHF,major,False,True
2025-08-18 13:00:00+01:00,0.8072599768638611,0.8080999851226807,0.8068100214004517,0.8073899745941162,0,0.0,0.0,USDCHF=X,USDCHF,USD,CHF,major,False,True
2025-08-18 14:00:00+01:00,0.8073599934577942,0.8079900145530701,0.8066999912261963,0.8070999979972839,0,0.0,0.0,USDCHF=X,USDCHF,USD,CHF,major,False,True
2025-08-18 15:00:00+01:00,0.8070999979972839,0.8075199723243713,0.8063300251960754,0.8071200251579285,0,0.0,0.0,USDCHF=X,USDCHF,USD,CHF,major,False,True
2025-08-18 16:00:00+01:00,0.8070999979972839,0.8075199723243713,0.8064900040626526,0.8067799806594849,0,0.0,0.0,USDCHF=X,USDCHF,USD,CHF,major,False,True
2025-08-18 17:00:00+01:00,0.8067700266838074,0.8075199723243713,0.8067200183868408,0.8072599768638611,0,0.0,0.0,USDCHF=X,USDCHF,USD,CHF,major,False,True
2025-08-18 18:00:00+01:00,0.8070899844169617,0.8077399730682373,0.8069900274276733,0.8076800107955933,0,0.0,0.0,USDCHF=X,USDCHF,USD,CHF,major,False,True
2025-08-18 19:00:00+01:00,0.8076900243759155,0.8078100085258484,0.8070899844169617,0.8075500130653381,0,0.0,0.0,USDCHF=X,USDCHF,USD,CHF,major,False,True
2025-08-18 20:00:00+01:00,0.8075299859046936,0.8075600266456604,0.8069300055503845,0.8070700168609619,0,0.0,0.0,USDCHF=X,USDCHF,USD,CHF,major,False,True
2025-08-18 21:00:00+01:00,0.8070700168609619,0.8075000047683716,0.8069000244140625,0.8069499731063843,0,0.0,0.0,USDCHF=X,USDCHF,USD,CHF,major,False,True
2025-08-18 22:00:00+01:00,0.8069300055503845,0.8075399994850159,0.8060500025749207,0.8070899844169617,0,0.0,0.0,USDCHF=X,USDCHF,USD,CHF,major,False,True
2025-08-18 23:00:00+01:00,0.8069000244140625,0.8073599934577942,0.8063399791717529,0.8071900010108948,0,0.0,0.0,USDCHF=X,USDCHF,USD,CHF,major,False,True
2025-08-19 00:00:00+01:00,0.8072100281715393,0.807699978351593,0.8071600198745728,0.8073999881744385,0,0.0,0.0,USDCHF=X,USDCHF,USD,CHF,major,False,True
2025-08-19 01:00:00+01:00,0.8073899745941162,0.8076599836349487,0.8071600198745728,0.8073599934577942,0,0.0,0.0,USDCHF=X,USDCHF,USD,CHF,major,False,True
2025-08-19 02:00:00+01:00,0.8073599934577942,0.8085500001907349,0.8071600198745728,0.8078699707984924,0,0.0,0.0,USDCHF=X,USDCHF,USD,CHF,major,False,True
2025-08-19 03:00:00+01:00,0.8078600168228149,0.8080099821090698,0.8073700070381165,0.8075900077819824,0,0.0,0.0,USDCHF=X,USDCHF,USD,CHF,major,False,True
2025-08-19 04:00:00+01:00,0.8075900077819824,0.807699978351593,0.8070499897003174,0.8074300289154053,0,0.0,0.0,USDCHF=X,USDCHF,USD,CHF,major,False,True
2025-08-19 05:00:00+01:00,0.8074399828910828,0.8076199889183044,0.8071399927139282,0.8071600198745728,0,0.0,0.0,USDCHF=X,USDCHF,USD,CHF,major,False,True
2025-08-19 06:00:00+01:00,0.8071699738502502,0.8075199723243713,0.8067600131034851,0.8072599768638611,0,0.0,0.0,USDCHF=X,USDCHF,USD,CHF,major,False,True
2025-08-19 07:00:00+01:00,0.8072500228881836,0.8075500130653381,0.8060299754142761,0.8060700297355652,0,0.0,0.0,USDCHF=X,USDCHF,USD,CHF,major,False,True
2025-08-19 08:00:00+01:00,0.8060700297355652,0.8064299821853638,0.8053200244903564,0.8057699799537659,0,0.0,0.0,USDCHF=X,USDCHF,USD,CHF,major,False,True
2025-08-19 09:00:00+01:00,0.8058099746704102,0.8063099980354309,0.8057500123977661,0.8060100078582764,0,0.0,0.0,USDCHF=X,USDCHF,USD,CHF,major,False,True
2025-08-19 10:00:00+01:00,0.8060100078582764,0.8062199950218201,0.8055899739265442,0.8057500123977661,0,0.0,0.0,USDCHF=X,USDCHF,USD,CHF,major,False,True
2025-08-19 11:00:00+01:00,0.8057500123977661,0.8057699799537659,0.8048099875450134,0.8051000237464905,0,0.0,0.0,USDCHF=X,USDCHF,USD,CHF,major,False,True
2025-08-19 12:00:00+01:00,0.8051000237464905,0.8057399988174438,0.8046900033950806,0.8053399920463562,0,0.0,0.0,USDCHF=X,USDCHF,USD,CHF,major,False,True
2025-08-19 13:00:00+01:00,0.8053699731826782,0.8058599829673767,0.8048400282859802,0.8055499792098999,0,0.0,0.0,USDCHF=X,USDCHF,USD,CHF,major,False,True
2025-08-19 14:00:00+01:00,0.8055499792098999,0.8059599995613098,0.8051999807357788,0.8053500056266785,0,0.0,0.0,USDCHF=X,USDCHF,USD,CHF,major,False,True
2025-08-19 15:00:00+01:00,0.8053600192070007,0.8064799904823303,0.8051999807357788,0.8061800003051758,0,0.0,0.0,USDCHF=X,USDCHF,USD,CHF,major,False,True
2025-08-19 16:00:00+01:00,0.8061800003051758,0.8070899844169617,0.8058900237083435,0.8070200085639954,0,0.0,0.0,USDCHF=X,USDCHF,USD,CHF,major,False,True
2025-08-19 17:00:00+01:00,0.8070099949836731,0.8073599934577942,0.8066200017929077,0.8072100281715393,0,0.0,0.0,USDCHF=X,USDCHF,USD,CHF,major,False,True
2025-08-19 18:00:00+01:00,0.8072100281715393,0.8073999881744385,0.8069199919700623,0.8072800040245056,0,0.0,0.0,USDCHF=X,USDCHF,USD,CHF,major,False,True
2025-08-19 19:00:00+01:00,0.8072599768638611,0.8079000115394592,0.8072199821472168,0.8076199889183044,0,0.0,0.0,USDCHF=X,USDCHF,USD,CHF,major,False,True
2025-08-19 20:00:00+01:00,0.8076199889183044,0.8078100085258484,0.8074399828910828,0.8076500296592712,0,0.0,0.0,USDCHF=X,USDCHF,USD,CHF,major,False,True
2025-08-19 21:00:00+01:00,0.8076800107955933,0.807919979095459,0.8070899844169617,0.8070899844169617,0,0.0,0.0,USDCHF=X,USDCHF,USD,CHF,major,False,True
2025-08-19 22:00:00+01:00,0.8075100183486938,0.8076000213623047,0.8060799837112427,0.8066800236701965,0,0.0,0.0,USDCHF=X,USDCHF,USD,CHF,major,False,True
2025-08-19 23:00:00+01:00,0.8066800236701965,0.8077300190925598,0.8065699934959412,0.8074899911880493,0,0.0,0.0,USDCHF=X,USDCHF,USD,CHF,major,False,True
2025-08-20 00:00:00+01:00,0.8075500130653381,0.8080300092697144,0.8074300289154053,0.8078200221061707,0,0.0,0.0,USDCHF=X,USDCHF,USD,CHF,major,False,True
2025-08-20 01:00:00+01:00,0.8078200221061707,0.8091999888420105,0.8077899813652039,0.8085299730300903,0,0.0,0.0,USDCHF=X,USDCHF,USD,CHF,major,False,True
2025-08-20 02:00:00+01:00,0.8085500001907349,0.8090999722480774,0.8083299994468689,0.8087900280952454,0,0.0,0.0,USDCHF=X,USDCHF,USD,CHF,major,False,True
2025-08-20 03:00:00+01:00,0.8087900280952454,0.8093000054359436,0.8087400197982788,0.8088499903678894,0,0.0,0.0,USDCHF=X,USDCHF,USD,CHF,major,False,True
2025-08-20 04:00:00+01:00,0.8088499903678894,0.8088499903678894,0.8080999851226807,0.8083900213241577,0,0.0,0.0,USDCHF=X,USDCHF,USD,CHF,major,False,True
2025-08-20 05:00:00+01:00,0.8083900213241577,0.8084999918937683,0.8080300092697144,0.8084499835968018,0,0.0,0.0,USDCHF=X,USDCHF,USD,CHF,major,False,True
2025-08-20 06:00:00+01:00,0.8084499835968018,0.8085100054740906,0.8080400228500366,0.8082000017166138,0,0.0,0.0,USDCHF=X,USDCHF,USD,CHF,major,False,True
2025-08-20 07:00:00+01:00,0.8082000017166138,0.8089699745178223,0.8079299926757812,0.8083400130271912,0,0.0,0.0,USDCHF=X,USDCHF,USD,CHF,major,False,True
2025-08-20 08:00:00+01:00,0.8083400130271912,0.8085700273513794,0.8075699806213379,0.8080300092697144,0,0.0,0.0,USDCHF=X,USDCHF,USD,CHF,major,False,True
2025-08-20 09:00:00+01:00,0.8080400228500366,0.8083500266075134,0.8077600002288818,0.8079400062561035,0,0.0,0.0,USDCHF=X,USDCHF,USD,CHF,major,False,True
2025-08-20 10:00:00+01:00,0.8078699707984924,0.8081899881362915,0.8071100115776062,0.8072199821472168,0,0.0,0.0,USDCHF=X,USDCHF,USD,CHF,major,False,True
2025-08-20 11:00:00+01:00,0.8072100281715393,0.8073999881744385,0.8066700100898743,0.8072699904441833,0,0.0,0.0,USDCHF=X,USDCHF,USD,CHF,major,False,True
2025-08-20 12:00:00+01:00,0.8072699904441833,0.8077200055122375,0.8070700168609619,0.8073599934577942,0,0.0,0.0,USDCHF=X,USDCHF,USD,CHF,major,False,True
2025-08-20 13:00:00+01:00,0.8073400259017944,0.8073599934577942,0.8056300282478333,0.8056700229644775,0,0.0,0.0,USDCHF=X,USDCHF,USD,CHF,major,False,True
2025-08-20 14:00:00+01:00,0.8056700229644775,0.8065000176429749,0.8050199747085571,0.8052499890327454,0,0.0,0.0,USDCHF=X,USDCHF,USD,CHF,major,False,True
2025-08-20 15:00:00+01:00,0.8052700161933899,0.8055099844932556,0.803309977054596,0.8038300275802612,0,0.0,0.0,USDCHF=X,USDCHF,USD,CHF,major,False,True
2025-08-20 16:00:00+01:00,0.8037599921226501,0.804639995098114,0.8036999702453613,0.804390013217926,0,0.0,0.0,USDCHF=X,USDCHF,USD,CHF,major,False,True
2025-08-20 17:00:00+01:00,0.8043799996376038,0.8044999837875366,0.8036500215530396,0.8039299845695496,0,0.0,0.0,USDCHF=X,USDCHF,USD,CHF,major,False,True
2025-08-20 18:00:00+01:00,0.8039299845695496,0.8040199875831604,0.8030800223350525,0.8032199740409851,0,0.0,0.0,USDCHF=X,USDCHF,USD,CHF,major,False,True
2025-08-20 19:00:00+01:00,0.8032299876213074,0.8041200041770935,0.8031899929046631,0.8039900064468384,0,0.0,0.0,USDCHF=X,USDCHF,USD,CHF,major,False,True
2025-08-20 20:00:00+01:00,0.8040099740028381,0.804099977016449,0.8034800291061401,0.8040500283241272,0,0.0,0.0,USDCHF=X,USDCHF,USD,CHF,major,False,True
2025-08-20 21:00:00+01:00,0.8040500283241272,0.804419994354248,0.8036500215530396,0.8041099905967712,0,0.0,0.0,USDCHF=X,USDCHF,USD,CHF,major,False,True
2025-08-20 22:00:00+01:00,0.8036500215530396,0.8041700124740601,0.8027700185775757,0.8032900094985962,0,0.0,0.0,USDCHF=X,USDCHF,USD,CHF,major,False,True
2025-08-20 23:00:00+01:00,0.8030499815940857,0.8040000200271606,0.8029000163078308,0.803849995136261,0,0.0,0.0,USDCHF=X,USDCHF,USD,CHF,major,False,True
2025-08-21 00:00:00+01:00,0.803849995136261,0.8042500019073486,0.803849995136261,0.8041099905967712,0,0.0,0.0,USDCHF=X,USDCHF,USD,CHF,major,False,True
2025-08-21 01:00:00+01:00,0.8041099905967712,0.8050000071525574,0.8040000200271606,0.8043699860572815,0,0.0,0.0,USDCHF=X,USDCHF,USD,CHF,major,False,True
2025-08-21 02:00:00+01:00,0.8043799996376038,0.8050299882888794,0.8040900230407715,0.8049600124359131,0,0.0,0.0,USDCHF=X,USDCHF,USD,CHF,major,False,True
2025-08-21 03:00:00+01:00,0.8049600124359131,0.8051300048828125,0.8046500086784363,0.8049700260162354,0,0.0,0.0,USDCHF=X,USDCHF,USD,CHF,major,False,True
2025-08-21 04:00:00+01:00,0.8049700260162354,0.8052399754524231,0.8047999739646912,0.8050600290298462,0,0.0,0.0,USDCHF=X,USDCHF,USD,CHF,major,False,True
2025-08-21 05:00:00+01:00,0.8050600290298462,0.8053500056266785,0.8047000169754028,0.8053399920463562,0,0.0,0.0,USDCHF=X,USDCHF,USD,CHF,major,False,True
2025-08-21 06:00:00+01:00,0.8052999973297119,0.8055099844932556,0.8047800064086914,0.8048099875450134,0,0.0,0.0,USDCHF=X,USDCHF,USD,CHF,major,False,True
2025-08-21 07:00:00+01:00,0.8047500252723694,0.8064000010490417,0.804610013961792,0.8059800267219543,0,0.0,0.0,USDCHF=X,USDCHF,USD,CHF,major,False,True
2025-08-21 08:00:00+01:00,0.8059700131416321,0.8065000176429749,0.8046900033950806,0.8049200177192688,0,0.0,0.0,USDCHF=X,USDCHF,USD,CHF,major,False,True
2025-08-21 09:00:00+01:00,0.8049700260162354,0.8054999709129333,0.8048099875450134,0.8052399754524231,0,0.0,0.0,USDCHF=X,USDCHF,USD,CHF,major,False,True
2025-08-21 10:00:00+01:00,0.8052399754524231,0.805400013923645,0.8048800230026245,0.8053399920463562,0,0.0,0.0,USDCHF=X,USDCHF,USD,CHF,major,False,True
2025-08-21 11:00:00+01:00,0.8053399920463562,0.8060399889945984,0.8052700161933899,0.8059499859809875,0,0.0,0.0,USDCHF=X,USDCHF,USD,CHF,major,False,True
2025-08-21 12:00:00+01:00,0.8059300184249878,0.806879997253418,0.805400013923645,0.8065900206565857,0,0.0,0.0,USDCHF=X,USDCHF,USD,CHF,major,False,True
2025-08-21 13:00:00+01:00,0.8065599799156189,0.80690997838974,0.805109977722168,0.8061100244522095,0,0.0,0.0,USDCHF=X,USDCHF,USD,CHF,major,False,True
2025-08-21 14:00:00+01:00,0.8061599731445312,0.807919979095459,0.8057900071144104,0.807479977607727,0,0.0,0.0,USDCHF=X,USDCHF,USD,CHF,major,False,True
2025-08-21 15:00:00+01:00,0.807449996471405,0.8083800077438354,0.8068199753761292,0.8079100251197815,0,0.0,0.0,USDCHF=X,USDCHF,USD,CHF,major,False,True
2025-08-21 16:00:00+01:00,0.8079500198364258,0.8089600205421448,0.8072400093078613,0.808489978313446,0,0.0,0.0,USDCHF=X,USDCHF,USD,CHF,major,False,True
2025-08-21 17:00:00+01:00,0.8084700107574463,0.8087800145149231,0.8080899715423584,0.8080999851226807,0,0.0,0.0,USDCHF=X,USDCHF,USD,CHF,major,False,True
2025-08-21 18:00:00+01:00,0.8080800175666809,0.8084499835968018,0.807699978351593,0.8083000183105469,0,0.0,0.0,USDCHF=X,USDCHF,USD,CHF,major,False,True
2025-08-21 19:00:00+01:00,0.8083000183105469,0.808899998664856,0.808139979839325,0.8088600039482117,0,0.0,0.0,USDCHF=X,USDCHF,USD,CHF,major,False,True
2025-08-21 20:00:00+01:00,0.8088799715042114,0.8090400099754333,0.8085899949073792,0.808929979801178,0,0.0,0.0,USDCHF=X,USDCHF,USD,CHF,major,False,True
2025-08-21 21:00:00+01:00,0.808929979801178,0.8090299963951111,0.8083099722862244,0.8083500266075134,0,0.0,0.0,USDCHF=X,USDCHF,USD,CHF,major,False,True
2025-08-21 22:00:00+01:00,0.8083800077438354,0.8086000084877014,0.8067100048065186,0.8074399828910828,0,0.0,0.0,USDCHF=X,USDCHF,USD,CHF,major,False,True
2025-08-21 23:00:00+01:00,0.8077999949455261,0.8086199760437012,0.8072400093078613,0.8085399866104126,0,0.0,0.0,USDCHF=X,USDCHF,USD,CHF,major,False,True
2025-08-22 00:00:00+01:00,0.8084999918937683,0.808899998664856,0.8084999918937683,0.80867999792099,0,0.0,0.0,USDCHF=X,USDCHF,USD,CHF,major,False,True
2025-08-22 01:00:00+01:00,0.80867999792099,0.8089799880981445,0.8086100220680237,0.8088300228118896,0,0.0,0.0,USDCHF=X,USDCHF,USD,CHF,major,False,True
2025-08-22 02:00:00+01:00,0.8088300228118896,0.809909999370575,0.8087199926376343,0.8097699880599976,0,0.0,0.0,USDCHF=X,USDCHF,USD,CHF,major,False,True
2025-08-22 03:00:00+01:00,0.8097699880599976,0.8101000189781189,0.8089699745178223,0.809149980545044,0,0.0,0.0,USDCHF=X,USDCHF,USD,CHF,major,False,True
2025-08-22 04:00:00+01:00,0.809149980545044,0.8101599812507629,0.8091400265693665,0.8099200129508972,0,0.0,0.0,USDCHF=X,USDCHF,USD,CHF,major,False,True
2025-08-22 05:00:00+01:00,0.809939980506897,0.8103700280189514,0.809689998626709,0.8103500008583069,0,0.0,0.0,USDCHF=X,USDCHF,USD,CHF,major,False,True
2025-08-22 06:00:00+01:00,0.8103100061416626,0.8104000091552734,0.8098300099372864,0.809939980506897,0,0.0,0.0,USDCHF=X,USDCHF,USD,CHF,major,False,True
2025-08-22 07:00:00+01:00,0.8099600076675415,0.8102999925613403,0.8095300197601318,0.8100900053977966,0,0.0,0.0,USDCHF=X,USDCHF,USD,CHF,major,False,True
2025-08-22 08:00:00+01:00,0.8100900053977966,0.8101199865341187,0.808929979801178,0.8094800114631653,0,0.0,0.0,USDCHF=X,USDCHF,USD,CHF,major,False,True
2025-08-22 09:00:00+01:00,0.8094800114631653,0.8098300099372864,0.8092799782752991,0.8093400001525879,0,0.0,0.0,USDCHF=X,USDCHF,USD,CHF,major,False,True
2025-08-22 10:00:00+01:00,0.8093100190162659,0.8096100091934204,0.8091199994087219,0.8095999956130981,0,0.0,0.0,USDCHF=X,USDCHF,USD,CHF,major,False,True
2025-08-22 11:00:00+01:00,0.8095499873161316,0.8095999956130981,0.8086400032043457,0.8088899850845337,0,0.0,0.0,USDCHF=X,USDCHF,USD,CHF,major,False,True
2025-08-22 12:00:00+01:00,0.8088899850845337,0.8090199828147888,0.8081499934196472,0.8082900047302246,0,0.0,0.0,USDCHF=X,USDCHF,USD,CHF,major,False,True
2025-08-22 13:00:00+01:00,0.8082900047302246,0.8084400296211243,0.8078699707984924,0.8080599904060364,0,0.0,0.0,USDCHF=X,USDCHF,USD,CHF,major,False,True
2025-08-22 14:00:00+01:00,0.8080599904060364,0.8088499903678894,0.8075299859046936,0.8087000250816345,0,0.0,0.0,USDCHF=X,USDCHF,USD,CHF,major,False,True
2025-08-22 15:00:00+01:00,0.808709979057312,0.808709979057312,0.801069974899292,0.8014900088310242,0,0.0,0.0,USDCHF=X,USDCHF,USD,CHF,major,False,True
2025-08-22 16:00:00+01:00,0.8015099763870239,0.8016899824142456,0.8001700043678284,0.8015900254249573,0,0.0,0.0,USDCHF=X,USDCHF,USD,CHF,major,False,True
2025-08-22 17:00:00+01:00,0.801580011844635,0.801800012588501,0.8011000156402588,0.801289975643158,0,0.0,0.0,USDCHF=X,USDCHF,USD,CHF,major,False,True
2025-08-22 18:00:00+01:00,0.8012999892234802,0.8013200163841248,0.7999799847602844,0.8004199862480164,0,0.0,0.0,USDCHF=X,USDCHF,USD,CHF,major,False,True
2025-08-22 19:00:00+01:00,0.8004199862480164,0.8011000156402588,0.8001999855041504,0.80103999376297,0,0.0,0.0,USDCHF=X,USDCHF,USD,CHF,major,False,True
2025-08-22 20:00:00+01:00,0.8010600209236145,0.8015000224113464,0.801010012626648,0.8012700080871582,0,0.0,0.0,USDCHF=X,USDCHF,USD,CHF,major,False,True
2025-08-22 21:00:00+01:00,0.8012400269508362,0.8016200065612793,0.8005599975585938,0.8008599877357483,0,0.0,0.0,USDCHF=X,USDCHF,USD,CHF,major,False,True
2025-08-25 00:00:00+01:00,0.8022300004959106,0.8026300072669983,0.8021000027656555,0.8023800253868103,0,0.0,0.0,USDCHF=X,USDCHF,USD,CHF,major,False,True
2025-08-25 01:00:00+01:00,0.8024200201034546,0.803309977054596,0.8024100065231323,0.8029500246047974,0,0.0,0.0,USDCHF=X,USDCHF,USD,CHF,major,False,True
2025-08-25 02:00:00+01:00,0.8029599785804749,0.8034800291061401,0.8024100065231323,0.8033499717712402,0,0.0,0.0,USDCHF=X,USDCHF,USD,CHF,major,False,True
2025-08-25 03:00:00+01:00,0.8033599853515625,0.8035299777984619,0.8030999898910522,0.8033599853515625,0,0.0,0.0,USDCHF=X,USDCHF,USD,CHF,major,False,True
2025-08-25 04:00:00+01:00,0.8033599853515625,0.8033699989318848,0.8025000095367432,0.802649974822998,0,0.0,0.0,USDCHF=X,USDCHF,USD,CHF,major,False,True
2025-08-25 05:00:00+01:00,0.802649974822998,0.8031100034713745,0.8025299906730652,0.8029099702835083,0,0.0,0.0,USDCHF=X,USDCHF,USD,CHF,major,False,True
2025-08-25 06:00:00+01:00,0.8029099702835083,0.8034999966621399,0.8029000163078308,0.8032900094985962,0,0.0,0.0,USDCHF=X,USDCHF,USD,CHF,major,False,True
2025-08-25 07:00:00+01:00,0.8032900094985962,0.8033699989318848,0.8019499778747559,0.8022199869155884,0,0.0,0.0,USDCHF=X,USDCHF,USD,CHF,major,False,True
2025-08-25 08:00:00+01:00,0.8022099733352661,0.8027200102806091,0.8016499876976013,0.8023800253868103,0,0.0,0.0,USDCHF=X,USDCHF,USD,CHF,major,False,True
2025-08-25 09:00:00+01:00,0.8024200201034546,0.8026000261306763,0.801580011844635,0.8019000291824341,0,0.0,0.0,USDCHF=X,USDCHF,USD,CHF,major,False,True
2025-08-25 10:00:00+01:00,0.8018900156021118,0.8024899959564209,0.8017600178718567,0.8023200035095215,0,0.0,0.0,USDCHF=X,USDCHF,USD,CHF,major,False,True
2025-08-25 11:00:00+01:00,0.8023200035095215,0.8028600215911865,0.8022099733352661,0.8027399778366089,0,0.0,0.0,USDCHF=X,USDCHF,USD,CHF,major,False,True
2025-08-25 12:00:00+01:00,0.8027399778366089,0.8027899861335754,0.8019800186157227,0.8020099997520447,0,0.0,0.0,USDCHF=X,USDCHF,USD,CHF,major,False,True
2025-08-25 13:00:00+01:00,0.8020300269126892,0.8026300072669983,0.8019700050354004,0.8023899793624878,0,0.0,0.0,USDCHF=X,USDCHF,USD,CHF,major,False,True
2025-08-25 14:00:00+01:00,0.8023899793624878,0.8027200102806091,0.8019199967384338,0.8022699952125549,0,0.0,0.0,USDCHF=X,USDCHF,USD,CHF,major,False,True
2025-08-25 15:00:00+01:00,0.8022199869155884,0.8031700253486633,0.8021699786186218,0.8029900193214417,0,0.0,0.0,USDCHF=X,USDCHF,USD,CHF,major,False,True
2025-08-25 16:00:00+01:00,0.8029900193214417,0.8037199974060059,0.802619993686676,0.8034399747848511,0,0.0,0.0,USDCHF=X,USDCHF,USD,CHF,major,False,True
2025-08-25 17:00:00+01:00,0.8034399747848511,0.8045499920845032,0.8033300042152405,0.8041099905967712,0,0.0,0.0,USDCHF=X,USDCHF,USD,CHF,major,False,True
2025-08-25 18:00:00+01:00,0.8041099905967712,0.8049200177192688,0.8040400147438049,0.804610013961792,0,0.0,0.0,USDCHF=X,USDCHF,USD,CHF,major,False,True
2025-08-25 19:00:00+01:00,0.804610013961792,0.8062300086021423,0.8044700026512146,0.8060200214385986,0,0.0,0.0,USDCHF=X,USDCHF,USD,CHF,major,False,True
2025-08-25 20:00:00+01:00,0.8059899806976318,0.8071200251579285,0.8058900237083435,0.806850016117096,0,0.0,0.0,USDCHF=X,USDCHF,USD,CHF,major,False,True
2025-08-25 21:00:00+01:00,0.8068100214004517,0.8068400025367737,0.8051699995994568,0.8053500056266785,0,0.0,0.0,USDCHF=X,USDCHF,USD,CHF,major,False,True
2025-08-25 22:00:00+01:00,0.8053299784660339,0.8061000108718872,0.8041300177574158,0.8051499724388123,0,0.0,0.0,USDCHF=X,USDCHF,USD,CHF,major,False,True
2025-08-25 23:00:00+01:00,0.8053299784660339,0.8061000108718872,0.805109977722168,0.8059999942779541,0,0.0,0.0,USDCHF=X,USDCHF,USD,CHF,major,False,True
2025-08-26 00:00:00+01:00,0.8059499859809875,0.8063399791717529,0.8058500289916992,0.8062000274658203,0,0.0,0.0,USDCHF=X,USDCHF,USD,CHF,major,False,True
2025-08-26 01:00:00+01:00,0.8062199950218201,0.8066999912261963,0.8026999831199646,0.8034499883651733,0,0.0,0.0,USDCHF=X,USDCHF,USD,CHF,major,False,True
2025-08-26 02:00:00+01:00,0.8034499883651733,0.8045700192451477,0.8033900260925293,0.8042299747467041,0,0.0,0.0,USDCHF=X,USDCHF,USD,CHF,major,False,True
2025-08-26 03:00:00+01:00,0.8042500019073486,0.8051000237464905,0.8037899732589722,0.8046200275421143,0,0.0,0.0,USDCHF=X,USDCHF,USD,CHF,major,False,True
2025-08-26 04:00:00+01:00,0.8046200275421143,0.8057900071144104,0.8045600056648254,0.8056700229644775,0,0.0,0.0,USDCHF=X,USDCHF,USD,CHF,major,False,True
2025-08-26 05:00:00+01:00,0.805679976940155,0.805899977684021,0.8053500056266785,0.8054199814796448,0,0.0,0.0,USDCHF=X,USDCHF,USD,CHF,major,False,True
2025-08-26 06:00:00+01:00,0.8054199814796448,0.8058000206947327,0.80485999584198,0.805079996585846,0,0.0,0.0,USDCHF=X,USDCHF,USD,CHF,major,False,True
2025-08-26 07:00:00+01:00,0.8050699830055237,0.8067799806594849,0.8050600290298462,0.8066400289535522,0,0.0,0.0,USDCHF=X,USDCHF,USD,CHF,major,False,True
2025-08-26 08:00:00+01:00,0.8066400289535522,0.8072199821472168,0.8057199716567993,0.805840015411377,0,0.0,0.0,USDCHF=X,USDCHF,USD,CHF,major,False,True
2025-08-26 09:00:00+01:00,0.805840015411377,0.8071100115776062,0.805620014667511,0.8067200183868408,0,0.0,0.0,USDCHF=X,USDCHF,USD,CHF,major,False,True
2025-08-26 10:00:00+01:00,0.8067299723625183,0.8068199753761292,0.8055700063705444,0.8057699799537659,0,0.0,0.0,USDCHF=X,USDCHF,USD,CHF,major,False,True
2025-08-26 11:00:00+01:00,0.8057699799537659,0.8064500093460083,0.8055800199508667,0.8057399988174438,0,0.0,0.0,USDCHF=X,USDCHF,USD,CHF,major,False,True
2025-08-26 12:00:00+01:00,0.8057399988174438,0.8059300184249878,0.8042399883270264,0.8046900033950806,0,0.0,0.0,USDCHF=X,USDCHF,USD,CHF,major,False,True
2025-08-26 13:00:00+01:00,0.8046600222587585,0.8047099709510803,0.8036999702453613,0.8044400215148926,0,0.0,0.0,USDCHF=X,USDCHF,USD,CHF,major,False,True
2025-08-26 14:00:00+01:00,0.8044499754905701,0.8051999807357788,0.8041200041770935,0.8041999936103821,0,0.0,0.0,USDCHF=X,USDCHF,USD,CHF,major,False,True
2025-08-26 15:00:00+01:00,0.8041800260543823,0.8050400018692017,0.8035399913787842,0.8038600087165833,0,0.0,0.0,USDCHF=X,USDCHF,USD,CHF,major,False,True
2025-08-26 16:00:00+01:00,0.8039100170135498,0.8040199875831604,0.8030499815940857,0.8030999898910522,0,0.0,0.0,USDCHF=X,USDCHF,USD,CHF,major,False,True
2025-08-26 17:00:00+01:00,0.8030999898910522,0.8033999800682068,0.8025299906730652,0.8033199906349182,0,0.0,0.0,USDCHF=X,USDCHF,USD,CHF,major,False,True
2025-08-26 18:00:00+01:00,0.8032799959182739,0.8036500215530396,0.8028799891471863,0.8036199808120728,0,0.0,0.0,USDCHF=X,USDCHF,USD,CHF,major,False,True
2025-08-26 19:00:00+01:00,0.803629994392395,0.8040099740028381,0.8030099868774414,0.8032100200653076,0,0.0,0.0,USDCHF=X,USDCHF,USD,CHF,major,False,True
2025-08-26 20:00:00+01:00,0.8032299876213074,0.8034600019454956,0.8028900027275085,0.8033599853515625,0,0.0,0.0,USDCHF=X,USDCHF,USD,CHF,major,False,True
2025-08-26 21:00:00+01:00,0.8033599853515625,0.8038300275802612,0.8027999997138977,0.8028900027275085,0,0.0,0.0,USDCHF=X,USDCHF,USD,CHF,major,False,True
2025-08-26 22:00:00+01:00,0.8028900027275085,0.8043799996376038,0.8021900057792664,0.8029500246047974,0,0.0,0.0,USDCHF=X,USDCHF,USD,CHF,major,False,True
2025-08-26 23:00:00+01:00,0.8029099702835083,0.8036999702453613,0.8025000095367432,0.8035399913787842,0,0.0,0.0,USDCHF=X,USDCHF,USD,CHF,major,False,True
2025-08-27 00:00:00+01:00,0.8034899830818176,0.8039000034332275,0.8033699989318848,0.8037899732589722,0,0.0,0.0,USDCHF=X,USDCHF,USD,CHF,major,False,True
2025-08-27 01:00:00+01:00,0.8038100004196167,0.8041499853134155,0.8035500049591064,0.8040400147438049,0,0.0,0.0,USDCHF=X,USDCHF,USD,CHF,major,False,True
2025-08-27 02:00:00+01:00,0.8040400147438049,0.8044400215148926,0.8036900162696838,0.8043500185012817,0,0.0,0.0,USDCHF=X,USDCHF,USD,CHF,major,False,True
2025-08-27 03:00:00+01:00,0.8044000267982483,0.8049100041389465,0.8043199777603149,0.8044999837875366,0,0.0,0.0,USDCHF=X,USDCHF,USD,CHF,major,False,True
2025-08-27 04:00:00+01:00,0.8044999837875366,0.8048200011253357,0.8042799830436707,0.8047000169754028,0,0.0,0.0,USDCHF=X,USDCHF,USD,CHF,major,False,True
2025-08-27 05:00:00+01:00,0.8047000169754028,0.8052999973297119,0.8046600222587585,0.8052200078964233,0,0.0,0.0,USDCHF=X,USDCHF,USD,CHF,major,False,True
2025-08-27 06:00:00+01:00,0.8052200078964233,0.805400013923645,0.8048800230026245,0.8050400018692017,0,0.0,0.0,USDCHF=X,USDCHF,USD,CHF,major,False,True
2025-08-27 07:00:00+01:00,0.805079996585846,0.8055199980735779,0.8049299716949463,0.8053299784660339,0,0.0,0.0,USDCHF=X,USDCHF,USD,CHF,major,False,True
2025-08-27 08:00:00+01:00,0.8053299784660339,0.8062000274658203,0.8051300048828125,0.8056600093841553,0,0.0,0.0,USDCHF=X,USDCHF,USD,CHF,major,False,True
2025-08-27 09:00:00+01:00,0.8056700229644775,0.8076500296592712,0.805620014667511,0.806410014629364,0,0.0,0.0,USDCHF=X,USDCHF,USD,CHF,major,False,True
2025-08-27 10:00:00+01:00,0.806410014629364,0.8069000244140625,0.8059300184249878,0.806850016117096,0,0.0,0.0,USDCHF=X,USDCHF,USD,CHF,major,False,True
2025-08-27 11:00:00+01:00,0.806850016117096,0.8072599768638611,0.8065699934959412,0.8070700168609619,0,0.0,0.0,USDCHF=X,USDCHF,USD,CHF,major,False,True
2025-08-27 12:00:00+01:00,0.8071100115776062,0.8072999715805054,0.8064299821853638,0.8068400025367737,0,0.0,0.0,USDCHF=X,USDCHF,USD,CHF,major,False,True
2025-08-27 13:00:00+01:00,0.8068600296974182,0.8069000244140625,0.8048700094223022,0.805180013179779,0,0.0,0.0,USDCHF=X,USDCHF,USD,CHF,major,False,True
2025-08-27 14:00:00+01:00,0.805180013179779,0.8055499792098999,0.8044599890708923,0.8048499822616577,0,0.0,0.0,USDCHF=X,USDCHF,USD,CHF,major,False,True
2025-08-27 15:00:00+01:00,0.8048700094223022,0.8050600290298462,0.803820013999939,0.8039399981498718,0,0.0,0.0,USDCHF=X,USDCHF,USD,CHF,major,False,True
2025-08-27 16:00:00+01:00,0.8039000034332275,0.8040400147438049,0.8029800057411194,0.8037400245666504,0,0.0,0.0,USDCHF=X,USDCHF,USD,CHF,major,False,True
2025-08-27 17:00:00+01:00,0.8037499785423279,0.8038399815559387,0.8015099763870239,0.801859974861145,0,0.0,0.0,USDCHF=X,USDCHF,USD,CHF,major,False,True
2025-08-27 18:00:00+01:00,0.801859974861145,0.8024799823760986,0.8015400171279907,0.8020300269126892,0,0.0,0.0,USDCHF=X,USDCHF,USD,CHF,major,False,True
2025-08-27 19:00:00+01:00,0.8020300269126892,0.8026400208473206,0.8019700050354004,0.8025199770927429,0,0.0,0.0,USDCHF=X,USDCHF,USD,CHF,major,False,True
2025-08-27 20:00:00+01:00,0.8025199770927429,0.8028299808502197,0.8022300004959106,0.8023999929428101,0,0.0,0.0,USDCHF=X,USDCHF,USD,CHF,major,False,True
2025-08-27 21:00:00+01:00,0.8023800253868103,0.802839994430542,0.8017299771308899,0.8018699884414673,0,0.0,0.0,USDCHF=X,USDCHF,USD,CHF,major,False,True
2025-08-27 22:00:00+01:00,0.8025000095367432,0.8025799989700317,0.8014299869537354,0.8019499778747559,0,0.0,0.0,USDCHF=X,USDCHF,USD,CHF,major,False,True
2025-08-27 23:00:00+01:00,0.8022000193595886,0.8022000193595886,0.8016700148582458,0.8017100095748901,0,0.0,0.0,USDCHF=X,USDCHF,USD,CHF,major,False,True
2025-08-28 00:00:00+01:00,0.8017100095748901,0.801800012588501,0.8014600276947021,0.8015599846839905,0,0.0,0.0,USDCHF=X,USDCHF,USD,CHF,major,False,True
2025-08-28 01:00:00+01:00,0.8015300035476685,0.801859974861145,0.8014400005340576,0.8016800284385681,0,0.0,0.0,USDCHF=X,USDCHF,USD,CHF,major,False,True
2025-08-28 02:00:00+01:00,0.8016800284385681,0.8018199801445007,0.8012999892234802,0.8015300035476685,0,0.0,0.0,USDCHF=X,USDCHF,USD,CHF,major,False,True
2025-08-28 03:00:00+01:00,0.8014900088310242,0.8015999794006348,0.8010500073432922,0.8011000156402588,0,0.0,0.0,USDCHF=X,USDCHF,USD,CHF,major,False,True
2025-08-28 04:00:00+01:00,0.8011199831962585,0.8014000058174133,0.8009499907493591,0.801289975643158,0,0.0,0.0,USDCHF=X,USDCHF,USD,CHF,major,False,True
2025-08-28 05:00:00+01:00,0.8013100028038025,0.801609992980957,0.8012700080871582,0.8015099763870239,0,0.0,0.0,USDCHF=X,USDCHF,USD,CHF,major,False,True
2025-08-28 06:00:00+01:00,0.8015199899673462,0.8019499778747559,0.8015000224113464,0.8016499876976013,0,0.0,0.0,USDCHF=X,USDCHF,USD,CHF,major,False,True
2025-08-28 07:00:00+01:00,0.8016899824142456,0.8021500110626221,0.8013299703598022,0.8017600178718567,0,0.0,0.0,USDCHF=X,USDCHF,USD,CHF,major,False,True
2025-08-28 08:00:00+01:00,0.8017600178718567,0.8019099831581116,0.801069974899292,0.8011800050735474,0,0.0,0.0,USDCHF=X,USDCHF,USD,CHF,major,False,True
2025-08-28 09:00:00+01:00,0.8011900186538696,0.8019099831581116,0.8009700179100037,0.8011699914932251,0,0.0,0.0,USDCHF=X,USDCHF,USD,CHF,major,False,True
2025-08-28 10:00:00+01:00,0.8011699914932251,0.8011999726295471,0.8002899885177612,0.8007799983024597,0,0.0,0.0,USDCHF=X,USDCHF,USD,CHF,major,False,True
2025-08-28 11:00:00+01:00,0.8007799983024597,0.8008700013160706,0.7993900179862976,0.7995799779891968,0,0.0,0.0,USDCHF=X,USDCHF,USD,CHF,major,False,True
2025-08-28 12:00:00+01:00,0.7995799779891968,0.8017699718475342,0.7993699908256531,0.8011500239372253,0,0.0,0.0,USDCHF=X,USDCHF,USD,CHF,major,False,True
2025-08-28 13:00:00+01:00,0.8011400103569031,0.8022500276565552,0.800790011882782,0.8019899725914001,0,0.0,0.0,USDCHF=X,USDCHF,USD,CHF,major,False,True
2025-08-28 14:00:00+01:00,0.8019899725914001,0.803059995174408,0.8013299703598022,0.8015900254249573,0,0.0,0.0,USDCHF=X,USDCHF,USD,CHF,major,False,True
2025-08-28 15:00:00+01:00,0.8015699982643127,0.8023099899291992,0.8012700080871582,0.8019199967384338,0,0.0,0.0,USDCHF=X,USDCHF,USD,CHF,major,False,True
2025-08-28 16:00:00+01:00,0.8018900156021118,0.8023200035095215,0.8014400005340576,0.8016600012779236,0,0.0,0.0,USDCHF=X,USDCHF,USD,CHF,major,False,True
2025-08-28 17:00:00+01:00,0.8016499876976013,0.8018400073051453,0.8004400134086609,0.8004699945449829,0,0.0,0.0,USDCHF=X,USDCHF,USD,CHF,major,False,True
2025-08-28 18:00:00+01:00,0.8004699945449829,0.8006899952888489,0.7997300028800964,0.8006299734115601,0,0.0,0.0,USDCHF=X,USDCHF,USD,CHF,major,False,True
2025-08-28 19:00:00+01:00,0.8006299734115601,0.8015000224113464,0.8005899786949158,0.8012800216674805,0,0.0,0.0,USDCHF=X,USDCHF,USD,CHF,major,False,True
2025-08-28 20:00:00+01:00,0.801289975643158,0.8016999959945679,0.80103999376297,0.801580011844635,0,0.0,0.0,USDCHF=X,USDCHF,USD,CHF,major,False,True
2025-08-28 21:00:00+01:00,0.8015499711036682,0.8019199967384338,0.8004299998283386,0.8008800148963928,0,0.0,0.0,USDCHF=X,USDCHF,USD,CHF,major,False,True
2025-08-28 22:00:00+01:00,0.8009200096130371,0.8019099831581116,0.8002099990844727,0.8013299703598022,0,0.0,0.0,USDCHF=X,USDCHF,USD,CHF,major,False,True
2025-08-28 23:00:00+01:00,0.8004400134086609,0.8019999861717224,0.8004299998283386,0.8018800020217896,0,0.0,0.0,USDCHF=X,USDCHF,USD,CHF,major,False,True
2025-08-29 00:00:00+01:00,0.8019300103187561,0.8019999861717224,0.8014900088310242,0.8017699718475342,0,0.0,0.0,USDCHF=X,USDCHF,USD,CHF,major,False,True
2025-08-29 01:00:00+01:00,0.8017399907112122,0.8024399876594543,0.8015099763870239,0.8020300269126892,0,0.0,0.0,USDCHF=X,USDCHF,USD,CHF,major,False,True
2025-08-29 02:00:00+01:00,0.8020399808883667,0.8031600117683411,0.801859974861145,0.8029900193214417,0,0.0,0.0,USDCHF=X,USDCHF,USD,CHF,major,False,True
2025-08-29 03:00:00+01:00,0.8029999732971191,0.8030400276184082,0.8025799989700317,0.8029000163078308,0,0.0,0.0,USDCHF=X,USDCHF,USD,CHF,major,False,True
2025-08-29 04:00:00+01:00,0.8028799891471863,0.8029999732971191,0.8023999929428101,0.8025400042533875,0,0.0,0.0,USDCHF=X,USDCHF,USD,CHF,major,False,True
2025-08-29 05:00:00+01:00,0.8025400042533875,0.8027899861335754,0.8024600148200989,0.8025100231170654,0,0.0,0.0,USDCHF=X,USDCHF,USD,CHF,major,False,True
2025-08-29 06:00:00+01:00,0.8024700284004211,0.8026599884033203,0.8020700216293335,0.8021199703216553,0,0.0,0.0,USDCHF=X,USDCHF,USD,CHF,major,False,True
2025-08-29 07:00:00+01:00,0.8020899891853333,0.8024200201034546,0.801800012588501,0.8018900156021118,0,0.0,0.0,USDCHF=X,USDCHF,USD,CHF,major,False,True
2025-08-29 08:00:00+01:00,0.8019199967384338,0.8021000027656555,0.8003100156784058,0.8004400134086609,0,0.0,0.0,USDCHF=X,USDCHF,USD,CHF,major,False,True
2025-08-29 09:00:00+01:00,0.8004400134086609,0.8009600043296814,0.7996100187301636,0.8006700277328491,0,0.0,0.0,USDCHF=X,USDCHF,USD,CHF,major,False,True
2025-08-29 10:00:00+01:00,0.8007000088691711,0.8014299869537354,0.8005599975585938,0.8013799786567688,0,0.0,0.0,USDCHF=X,USDCHF,USD,CHF,major,False,True
2025-08-29 11:00:00+01:00,0.8013799786567688,0.8025000095367432,0.8012800216674805,0.8024899959564209,0,0.0,0.0,USDCHF=X,USDCHF,USD,CHF,major,False,True
2025-08-29 12:00:00+01:00,0.8024500012397766,0.8029400110244751,0.8022400140762329,0.8027999997138977,0,0.0,0.0,USDCHF=X,USDCHF,USD,CHF,major,False,True
2025-08-29 13:00:00+01:00,0.8027700185775757,0.8035200238227844,0.8019599914550781,0.8024200201034546,0,0.0,0.0,USDCHF=X,USDCHF,USD,CHF,major,False,True
2025-08-29 14:00:00+01:00,0.8023999929428101,0.8027200102806091,0.8006799817085266,0.8008999824523926,0,0.0,0.0,USDCHF=X,USDCHF,USD,CHF,major,False,True
2025-08-29 15:00:00+01:00,0.8009600043296814,0.8011999726295471,0.7988600134849548,0.7990099787712097,0,0.0,0.0,USDCHF=X,USDCHF,USD,CHF,major,False,True
2025-08-29 16:00:00+01:00,0.7990300059318542,0.800320029258728,0.7985299825668335,0.7996699810028076,0,0.0,0.0,USDCHF=X,USDCHF,USD,CHF,major,False,True
2025-08-29 17:00:00+01:00,0.7996600270271301,0.8000500202178955,0.7992299795150757,0.7992600202560425,0,0.0,0.0,USDCHF=X,USDCHF,USD,CHF,major,False,True
2025-08-29 18:00:00+01:00,0.7992600202560425,0.7997999787330627,0.7991200089454651,0.7997599840164185,0,0.0,0.0,USDCHF=X,USDCHF,USD,CHF,major,False,True
2025-08-29 19:00:00+01:00,0.7997300028800964,0.8003000020980835,0.7996500134468079,0.800000011920929,0,0.0,0.0,USDCHF=X,USDCHF,USD,CHF,major,False,True
2025-08-29 20:00:00+01:00,0.8000199794769287,0.8003600239753723,0.7998499870300293,0.8000900149345398,0,0.0,0.0,USDCHF=X,USDCHF,USD,CHF,major,False,True
2025-08-29 21:00:00+01:00,0.8001199960708618,0.8008099794387817,0.7995700240135193,0.8001099824905396,0,0.0,0.0,USDCHF=X,USDCHF,USD,CHF,major,False,True
2025-08-29 22:00:00+01:00,0.8000500202178955,0.8000500202178955,0.8000500202178955,0.8000500202178955,0,0.0,0.0,USDCHF=X,USDCHF,USD,CHF,major,False,True
2025-09-01 00:00:00+01:00,0.8008300065994263,0.801010012626648,0.800570011138916,0.8006299734115601,0,0.0,0.0,USDCHF=X,USDCHF,USD,CHF,major,False,True
2025-09-01 01:00:00+01:00,0.8006399869918823,0.8011299967765808,0.8005899786949158,0.8006799817085266,0,0.0,0.0,USDCHF=X,USDCHF,USD,CHF,major,False,True
2025-09-01 02:00:00+01:00,0.8006799817085266,0.8011999726295471,0.800570011138916,0.8008099794387817,0,0.0,0.0,USDCHF=X,USDCHF,USD,CHF,major,False,True
2025-09-01 03:00:00+01:00,0.8008099794387817,0.8008400201797485,0.7993800044059753,0.799530029296875,0,0.0,0.0,USDCHF=X,USDCHF,USD,CHF,major,False,True
2025-09-01 04:00:00+01:00,0.799530029296875,0.7998200058937073,0.7993000149726868,0.799560010433197,0,0.0,0.0,USDCHF=X,USDCHF,USD,CHF,major,False,True
2025-09-01 05:00:00+01:00,0.799560010433197,0.7997499704360962,0.7993500232696533,0.799589991569519,0,0.0,0.0,USDCHF=X,USDCHF,USD,CHF,major,False,True
2025-09-01 06:00:00+01:00,0.799589991569519,0.7996399998664856,0.7992200255393982,0.7993199825286865,0,0.0,0.0,USDCHF=X,USDCHF,USD,CHF,major,False,True
2025-09-01 07:00:00+01:00,0.7993199825286865,0.7993699908256531,0.7987200021743774,0.799239993095398,0,0.0,0.0,USDCHF=X,USDCHF,USD,CHF,major,False,True
2025-09-01 08:00:00+01:00,0.799239993095398,0.7998700141906738,0.7988600134849548,0.7989000082015991,0,0.0,0.0,USDCHF=X,USDCHF,USD,CHF,major,False,True
2025-09-01 09:00:00+01:00,0.7989000082015991,0.7995700240135193,0.7985799908638,0.7987200021743774,0,0.0,0.0,USDCHF=X,USDCHF,USD,CHF,major,False,True
2025-09-01 10:00:00+01:00,0.798740029335022,0.7995100021362305,0.7986199855804443,0.7993199825286865,0,0.0,0.0,USDCHF=X,USDCHF,USD,CHF,major,False,True
2025-09-01 11:00:00+01:00,0.799310028553009,0.7996000051498413,0.7990599870681763,0.799340009689331,0,0.0,0.0,USDCHF=X,USDCHF,USD,CHF,major,False,True
2025-09-01 12:00:00+01:00,0.799340009689331,0.8005300164222717,0.7989299893379211,0.8004999756813049,0,0.0,0.0,USDCHF=X,USDCHF,USD,CHF,major,False,True
2025-09-01 13:00:00+01:00,0.8004999756813049,0.8012300133705139,0.8004000186920166,0.8010600209236145,0,0.0,0.0,USDCHF=X,USDCHF,USD,CHF,major,False,True
2025-09-01 14:00:00+01:00,0.8010600209236145,0.8012999892234802,0.7999699711799622,0.8005899786949158,0,0.0,0.0,USDCHF=X,USDCHF,USD,CHF,major,False,True
2025-09-01 15:00:00+01:00,0.8005800247192383,0.8008400201797485,0.7999600172042847,0.8001800179481506,0,0.0,0.0,USDCHF=X,USDCHF,USD,CHF,major,False,True
2025-09-01 16:00:00+01:00,0.8001899719238281,0.8017100095748901,0.8001099824905396,0.8015499711036682,0,0.0,0.0,USDCHF=X,USDCHF,USD,CHF,major,False,True
2025-09-01 17:00:00+01:00,0.8015300035476685,0.8016999959945679,0.8011299967765808,0.8011800050735474,0,0.0,0.0,USDCHF=X,USDCHF,USD,CHF,major,False,True
2025-09-01 18:00:00+01:00,0.8011800050735474,0.8012999892234802,0.8010600209236145,0.8011000156402588,0,0.0,0.0,USDCHF=X,USDCHF,USD,CHF,major,False,True
2025-09-01 19:00:00+01:00,0.8011000156402588,0.8011400103569031,0.8009499907493591,0.8009700179100037,0,0.0,0.0,USDCHF=X,USDCHF,USD,CHF,major,False,True
2025-09-01 20:00:00+01:00,0.8009700179100037,0.8009999990463257,0.8001800179481506,0.800320029258728,0,0.0,0.0,USDCHF=X,USDCHF,USD,CHF,major,False,True
2025-09-01 21:00:00+01:00,0.800320029258728,0.8007000088691711,0.7999299764633179,0.8000100255012512,0,0.0,0.0,USDCHF=X,USDCHF,USD,CHF,major,False,True
2025-09-01 22:00:00+01:00,0.8003299832344055,0.8008999824523926,0.7996399998664856,0.8004099726676941,0,0.0,0.0,USDCHF=X,USDCHF,USD,CHF,major,False,True
2025-09-01 23:00:00+01:00,0.8003600239753723,0.8007599711418152,0.800029993057251,0.8003000020980835,0,0.0,0.0,USDCHF=X,USDCHF,USD,CHF,major,False,True
2025-09-02 00:00:00+01:00,0.8004199862480164,0.8005099892616272,0.7998999953269958,0.8002200126647949,0,0.0,0.0,USDCHF=X,USDCHF,USD,CHF,major,False,True
2025-09-02 01:00:00+01:00,0.8002200126647949,0.8012999892234802,0.8001199960708618,0.8011900186538696,0,0.0,0.0,USDCHF=X,USDCHF,USD,CHF,major,False,True
2025-09-02 02:00:00+01:00,0.8011999726295471,0.8015599846839905,0.8009499907493591,0.8011999726295471,0,0.0,0.0,USDCHF=X,USDCHF,USD,CHF,major,False,True
2025-09-02 03:00:00+01:00,0.8011999726295471,0.8015000224113464,0.8010500073432922,0.8012400269508362,0,0.0,0.0,USDCHF=X,USDCHF,USD,CHF,major,False,True
2025-09-02 04:00:00+01:00,0.8012199997901917,0.8015000224113464,0.8011599779129028,0.8014299869537354,0,0.0,0.0,USDCHF=X,USDCHF,USD,CHF,major,False,True
2025-09-02 05:00:00+01:00,0.8014000058174133,0.8015000224113464,0.8010900020599365,0.8013299703598022,0,0.0,0.0,USDCHF=X,USDCHF,USD,CHF,major,False,True
2025-09-02 06:00:00+01:00,0.8013200163841248,0.8018199801445007,0.8008000254631042,0.8016999959945679,0,0.0,0.0,USDCHF=X,USDCHF,USD,CHF,major,False,True
2025-09-02 07:00:00+01:00,0.8017299771308899,0.8018699884414673,0.8009600043296814,0.8015199899673462,0,0.0,0.0,USDCHF=X,USDCHF,USD,CHF,major,False,True
2025-09-02 08:00:00+01:00,0.8015099763870239,0.8036699891090393,0.801110029220581,0.8034399747848511,0,0.0,0.0,USDCHF=X,USDCHF,USD,CHF,major,False,True
2025-09-02 09:00:00+01:00,0.8034300208091736,0.8044999837875366,0.8033199906349182,0.8042399883270264,0,0.0,0.0,USDCHF=X,USDCHF,USD,CHF,major,False,True
2025-09-02 10:00:00+01:00,0.8042799830436707,0.8057299852371216,0.8040500283241272,0.8050199747085571,0,0.0,0.0,USDCHF=X,USDCHF,USD,CHF,major,False,True
2025-09-02 11:00:00+01:00,0.8050100207328796,0.8054699897766113,0.8042500019073486,0.8045200109481812,0,0.0,0.0,USDCHF=X,USDCHF,USD,CHF,major,False,True
2025-09-02 12:00:00+01:00,0.8045300245285034,0.8052800297737122,0.8039199709892273,0.8040800094604492,0,0.0,0.0,USDCHF=X,USDCHF,USD,CHF,major,False,True
2025-09-02 13:00:00+01:00,0.8040800094604492,0.8061000108718872,0.8036999702453613,0.8052099943161011,0,0.0,0.0,USDCHF=X,USDCHF,USD,CHF,major,False,True
2025-09-02 14:00:00+01:00,0.8051900267601013,0.8054100275039673,0.8035899996757507,0.8037300109863281,0,0.0,0.0,USDCHF=X,USDCHF,USD,CHF,major,False,True
2025-09-02 15:00:00+01:00,0.8038399815559387,0.8039699792861938,0.8019199967384338,0.8026400208473206,0,0.0,0.0,USDCHF=X,USDCHF,USD,CHF,major,False,True
2025-09-02 16:00:00+01:00,0.8026700019836426,0.8034300208091736,0.8023499846458435,0.8033300042152405,0,0.0,0.0,USDCHF=X,USDCHF,USD,CHF,major,False,True
2025-09-02 17:00:00+01:00,0.8033599853515625,0.8041099905967712,0.8032400012016296,0.8039100170135498,0,0.0,0.0,USDCHF=X,USDCHF,USD,CHF,major,False,True
2025-09-02 18:00:00+01:00,0.8039100170135498,0.8044400215148926,0.8036400079727173,0.8044300079345703,0,0.0,0.0,USDCHF=X,USDCHF,USD,CHF,major,False,True
2025-09-02 19:00:00+01:00,0.8044300079345703,0.8054100275039673,0.8041999936103821,0.805079996585846,0,0.0,0.0,USDCHF=X,USDCHF,USD,CHF,major,False,True
2025-09-02 20:00:00+01:00,0.8051000237464905,0.8052999973297119,0.8046200275421143,0.8047000169754028,0,0.0,0.0,USDCHF=X,USDCHF,USD,CHF,major,False,True
2025-09-02 21:00:00+01:00,0.8047000169754028,0.804889976978302,0.8039399981498718,0.8042100071907043,0,0.0,0.0,USDCHF=X,USDCHF,USD,CHF,major,False,True
2025-09-02 22:00:00+01:00,0.8042399883270264,0.8044999837875366,0.8029999732971191,0.8039399981498718,0,0.0,0.0,USDCHF=X,USDCHF,USD,CHF,major,False,True
2025-09-02 23:00:00+01:00,0.803659975528717,0.8050000071525574,0.8035799860954285,0.8048999905586243,0,0.0,0.0,USDCHF=X,USDCHF,USD,CHF,major,False,True
2025-09-03 00:00:00+01:00,0.8049399852752686,0.805400013923645,0.8048800230026245,0.8053100109100342,0,0.0,0.0,USDCHF=X,USDCHF,USD,CHF,major,False,True
2025-09-03 01:00:00+01:00,0.8053100109100342,0.805649995803833,0.8051599860191345,0.8055899739265442,0,0.0,0.0,USDCHF=X,USDCHF,USD,CHF,major,False,True
2025-09-03 02:00:00+01:00,0.8055899739265442,0.805869996547699,0.8052099943161011,0.8055300116539001,0,0.0,0.0,USDCHF=X,USDCHF,USD,CHF,major,False,True
2025-09-03 03:00:00+01:00,0.8055300116539001,0.8056300282478333,0.8050600290298462,0.8055199980735779,0,0.0,0.0,USDCHF=X,USDCHF,USD,CHF,major,False,True
2025-09-03 04:00:00+01:00,0.8055199980735779,0.8058099746704102,0.8053900003433228,0.8057199716567993,0,0.0,0.0,USDCHF=X,USDCHF,USD,CHF,major,False,True
2025-09-03 05:00:00+01:00,0.8057100176811218,0.805899977684021,0.8051499724388123,0.8051699995994568,0,0.0,0.0,USDCHF=X,USDCHF,USD,CHF,major,False,True
2025-09-03 06:00:00+01:00,0.8051699995994568,0.8055499792098999,0.8049799799919128,0.8052700161933899,0,0.0,0.0,USDCHF=X,USDCHF,USD,CHF,major,False,True
2025-09-03 07:00:00+01:00,0.8052499890327454,0.8055199980735779,0.8044800162315369,0.8049399852752686,0,0.0,0.0,USDCHF=X,USDCHF,USD,CHF,major,False,True
2025-09-03 08:00:00+01:00,0.8049200177192688,0.8067899942398071,0.8048999905586243,0.8052700161933899,0,0.0,0.0,USDCHF=X,USDCHF,USD,CHF,major,False,True
2025-09-03 09:00:00+01:00,0.8052600026130676,0.8053100109100342,0.8039399981498718,0.8041099905967712,0,0.0,0.0,USDCHF=X,USDCHF,USD,CHF,major,False,True
2025-09-03 10:00:00+01:00,0.8041099905967712,0.8044000267982483,0.8030700087547302,0.8035100102424622,0,0.0,0.0,USDCHF=X,USDCHF,USD,CHF,major,False,True
2025-09-03 11:00:00+01:00,0.8035100102424622,0.8045499920845032,0.8033900260925293,0.8044899702072144,0,0.0,0.0,USDCHF=X,USDCHF,USD,CHF,major,False,True
2025-09-03 12:00:00+01:00,0.8044999837875366,0.8050400018692017,0.8041499853134155,0.8044700026512146,0,0.0,0.0,USDCHF=X,USDCHF,USD,CHF,major,False,True
2025-09-03 13:00:00+01:00,0.8044899702072144,0.8054699897766113,0.8041599988937378,0.8051599860191345,0,0.0,0.0,USDCHF=X,USDCHF,USD,CHF,major,False,True
2025-09-03 14:00:00+01:00,0.8051699995994568,0.8055700063705444,0.804419994354248,0.8044999837875366,0,0.0,0.0,USDCHF=X,USDCHF,USD,CHF,major,False,True
2025-09-03 15:00:00+01:00,0.8045300245285034,0.8045600056648254,0.8027700185775757,0.8034899830818176,0,0.0,0.0,USDCHF=X,USDCHF,USD,CHF,major,False,True
2025-09-03 16:00:00+01:00,0.8034899830818176,0.8035500049591064,0.8026800155639648,0.8031899929046631,0,0.0,0.0,USDCHF=X,USDCHF,USD,CHF,major,False,True
2025-09-03 17:00:00+01:00,0.8031700253486633,0.8037999868392944,0.8030999898910522,0.8032199740409851,0,0.0,0.0,USDCHF=X,USDCHF,USD,CHF,major,False,True
2025-09-03 18:00:00+01:00,0.8032100200653076,0.8041999936103821,0.8030700087547302,0.8040199875831604,0,0.0,0.0,USDCHF=X,USDCHF,USD,CHF,major,False,True
2025-09-03 19:00:00+01:00,0.8040199875831604,0.8042500019073486,0.8036199808120728,0.8040300011634827,0,0.0,0.0,USDCHF=X,USDCHF,USD,CHF,major,False,True
2025-09-03 20:00:00+01:00,0.8040599822998047,0.8044000267982483,0.8039600253105164,0.8043100237846375,0,0.0,0.0,USDCHF=X,USDCHF,USD,CHF,major,False,True
2025-09-03 21:00:00+01:00,0.8042899966239929,0.8044999837875366,0.8029800057411194,0.8038700222969055,0,0.0,0.0,USDCHF=X,USDCHF,USD,CHF,major,False,True
2025-09-03 22:00:00+01:00,0.803879976272583,0.804099977016449,0.8022800087928772,0.803409993648529,0,0.0,0.0,USDCHF=X,USDCHF,USD,CHF,major,False,True
2025-09-03 23:00:00+01:00,0.8033000230789185,0.8041999936103821,0.8030499815940857,0.8039799928665161,0,0.0,0.0,USDCHF=X,USDCHF,USD,CHF,major,False,True
2025-09-04 00:00:00+01:00,0.8039500117301941,0.804099977016449,0.8036800026893616,0.803820013999939,0,0.0,0.0,USDCHF=X,USDCHF,USD,CHF,major,False,True
2025-09-04 01:00:00+01:00,0.803820013999939,0.8043699860572815,0.8036800026893616,0.8041099905967712,0,0.0,0.0,USDCHF=X,USDCHF,USD,CHF,major,False,True
2025-09-04 02:00:00+01:00,0.804099977016449,0.8043699860572815,0.8034200072288513,0.8040400147438049,0,0.0,0.0,USDCHF=X,USDCHF,USD,CHF,major,False,True
2025-09-04 03:00:00+01:00,0.8040300011634827,0.8044000267982483,0.8039100170135498,0.8042500019073486,0,0.0,0.0,USDCHF=X,USDCHF,USD,CHF,major,False,True
2025-09-04 04:00:00+01:00,0.8042500019073486,0.8044999837875366,0.804069995880127,0.8044000267982483,0,0.0,0.0,USDCHF=X,USDCHF,USD,CHF,major,False,True
2025-09-04 05:00:00+01:00,0.8044000267982483,0.8044999837875366,0.8041399717330933,0.8044300079345703,0,0.0,0.0,USDCHF=X,USDCHF,USD,CHF,major,False,True
2025-09-04 06:00:00+01:00,0.804419994354248,0.8044899702072144,0.8041599988937378,0.8041999936103821,0,0.0,0.0,USDCHF=X,USDCHF,USD,CHF,major,False,True
2025-09-04 07:00:00+01:00,0.8041999936103821,0.8051300048828125,0.8039299845695496,0.8047999739646912,0,0.0,0.0,USDCHF=X,USDCHF,USD,CHF,major,False,True
2025-09-04 08:00:00+01:00,0.8047999739646912,0.8054999709129333,0.8044499754905701,0.8051599860191345,0,0.0,0.0,USDCHF=X,USDCHF,USD,CHF,major,False,True
2025-09-04 09:00:00+01:00,0.8051599860191345,0.8052399754524231,0.8043000102043152,0.8043400049209595,0,0.0,0.0,USDCHF=X,USDCHF,USD,CHF,major,False,True
2025-09-04 10:00:00+01:00,0.8043500185012817,0.8052800297737122,0.8042100071907043,0.8050199747085571,0,0.0,0.0,USDCHF=X,USDCHF,USD,CHF,major,False,True
2025-09-04 11:00:00+01:00,0.8050199747085571,0.8050199747085571,0.8042299747467041,0.8049299716949463,0,0.0,0.0,USDCHF=X,USDCHF,USD,CHF,major,False,True
2025-09-04 12:00:00+01:00,0.8049399852752686,0.8058900237083435,0.8049100041389465,0.8054699897766113,0,0.0,0.0,USDCHF=X,USDCHF,USD,CHF,major,False,True
2025-09-04 13:00:00+01:00,0.8054800033569336,0.806190013885498,0.8037300109863281,0.8055700063705444,0,0.0,0.0,USDCHF=X,USDCHF,USD,CHF,major,False,True
2025-09-04 14:00:00+01:00,0.8055800199508667,0.8060299754142761,0.8047099709510803,0.805079996585846,0,0.0,0.0,USDCHF=X,USDCHF,USD,CHF,major,False,True
2025-09-04 15:00:00+01:00,0.8051000237464905,0.8067899942398071,0.8047999739646912,0.8065800070762634,0,0.0,0.0,USDCHF=X,USDCHF,USD,CHF,major,False,True
2025-09-04 16:00:00+01:00,0.8065400123596191,0.8068600296974182,0.8058500289916992,0.8059099912643433,0,0.0,0.0,USDCHF=X,USDCHF,USD,CHF,major,False,True
2025-09-04 17:00:00+01:00,0.805899977684021,0.8067899942398071,0.8058199882507324,0.8066700100898743,0,0.0,0.0,USDCHF=X,USDCHF,USD,CHF,major,False,True
2025-09-04 18:00:00+01:00,0.8066700100898743,0.807200014591217,0.8065900206565857,0.8066400289535522,0,0.0,0.0,USDCHF=X,USDCHF,USD,CHF,major,False,True
2025-09-04 19:00:00+01:00,0.8066099882125854,0.8066800236701965,0.8059899806976318,0.8062700033187866,0,0.0,0.0,USDCHF=X,USDCHF,USD,CHF,major,False,True
2025-09-04 20:00:00+01:00,0.8062700033187866,0.8062999844551086,0.8053799867630005,0.8055700063705444,0,0.0,0.0,USDCHF=X,USDCHF,USD,CHF,major,False,True
2025-09-04 21:00:00+01:00,0.8055899739265442,0.8058000206947327,0.8048200011253357,0.8053100109100342,0,0.0,0.0,USDCHF=X,USDCHF,USD,CHF,major,False,True
2025-09-04 22:00:00+01:00,0.8052999973297119,0.8055999875068665,0.8040099740028381,0.8050199747085571,0,0.0,0.0,USDCHF=X,USDCHF,USD,CHF,major,False,True
2025-09-04 23:00:00+01:00,0.8047699928283691,0.8058000206947327,0.804669976234436,0.8057199716567993,0,0.0,0.0,USDCHF=X,USDCHF,USD,CHF,major,False,True
2025-09-05 00:00:00+01:00,0.8057199716567993,0.8057299852371216,0.8050000071525574,0.8051499724388123,0,0.0,0.0,USDCHF=X,USDCHF,USD,CHF,major,False,True
2025-09-05 01:00:00+01:00,0.8051499724388123,0.8054599761962891,0.8048099875450134,0.8049700260162354,0,0.0,0.0,USDCHF=X,USDCHF,USD,CHF,major,False,True
2025-09-05 02:00:00+01:00,0.8049799799919128,0.8051199913024902,0.8043299913406372,0.8044800162315369,0,0.0,0.0,USDCHF=X,USDCHF,USD,CHF,major,False,True
2025-09-05 03:00:00+01:00,0.8044800162315369,0.8047199845314026,0.8042700290679932,0.8047099709510803,0,0.0,0.0,USDCHF=X,USDCHF,USD,CHF,major,False,True
2025-09-05 04:00:00+01:00,0.8047099709510803,0.8047999739646912,0.8042500019073486,0.8044300079345703,0,0.0,0.0,USDCHF=X,USDCHF,USD,CHF,major,False,True
2025-09-05 05:00:00+01:00,0.8044400215148926,0.80485999584198,0.8043699860572815,0.8047400116920471,0,0.0,0.0,USDCHF=X,USDCHF,USD,CHF,major,False,True
2025-09-05 06:00:00+01:00,0.8047400116920471,0.8047999739646912,0.8039500117301941,0.8039900064468384,0,0.0,0.0,USDCHF=X,USDCHF,USD,CHF,major,False,True
2025-09-05 07:00:00+01:00,0.8039900064468384,0.804610013961792,0.8039900064468384,0.8043400049209595,0,0.0,0.0,USDCHF=X,USDCHF,USD,CHF,major,False,True
2025-09-05 08:00:00+01:00,0.8043799996376038,0.8046000003814697,0.8034300208091736,0.8036400079727173,0,0.0,0.0,USDCHF=X,USDCHF,USD,CHF,major,False,True
2025-09-05 09:00:00+01:00,0.803629994392395,0.8039000034332275,0.8032400012016296,0.8033000230789185,0,0.0,0.0,USDCHF=X,USDCHF,USD,CHF,major,False,True
2025-09-05 10:00:00+01:00,0.8033000230789185,0.8033599853515625,0.8026599884033203,0.803059995174408,0,0.0,0.0,USDCHF=X,USDCHF,USD,CHF,major,False,True
2025-09-05 11:00:00+01:00,0.803059995174408,0.8031100034713745,0.8026099801063538,0.8029299974441528,0,0.0,0.0,USDCHF=X,USDCHF,USD,CHF,major,False,True
2025-09-05 12:00:00+01:00,0.8029299974441528,0.8039399981498718,0.8027799725532532,0.8034499883651733,0,0.0,0.0,USDCHF=X,USDCHF,USD,CHF,major,False,True
2025-09-05 13:00:00+01:00,0.8034200072288513,0.8034399747848511,0.7985799908638,0.7996900081634521,0,0.0,0.0,USDCHF=X,USDCHF,USD,CHF,major,False,True
2025-09-05 14:00:00+01:00,0.7997699975967407,0.800000011920929,0.7972099781036377,0.7977200150489807,0,0.0,0.0,USDCHF=X,USDCHF,USD,CHF,major,False,True
2025-09-05 15:00:00+01:00,0.797760009765625,0.7987200021743774,0.7972099781036377,0.7976999878883362,0,0.0,0.0,USDCHF=X,USDCHF,USD,CHF,major,False,True
2025-09-05 16:00:00+01:00,0.7976999878883362,0.7978000044822693,0.7957299947738647,0.7957800030708313,0,0.0,0.0,USDCHF=X,USDCHF,USD,CHF,major,False,True
2025-09-05 17:00:00+01:00,0.795799970626831,0.7971400022506714,0.7955700159072876,0.797029972076416,0,0.0,0.0,USDCHF=X,USDCHF,USD,CHF,major,False,True
2025-09-05 18:00:00+01:00,0.7970100045204163,0.7979099750518799,0.7969800233840942,0.7976199984550476,0,0.0,0.0,USDCHF=X,USDCHF,USD,CHF,major,False,True
2025-09-05 19:00:00+01:00,0.7976199984550476,0.7986000180244446,0.7975000143051147,0.798259973526001,0,0.0,0.0,USDCHF=X,USDCHF,USD,CHF,major,False,True
2025-09-05 20:00:00+01:00,0.7982900142669678,0.798520028591156,0.7978900074958801,0.798259973526001,0,0.0,0.0,USDCHF=X,USDCHF,USD,CHF,major,False,True
2025-09-05 21:00:00+01:00,0.7982199788093567,0.7985399961471558,0.7974200248718262,0.7976300120353699,0,0.0,0.0,USDCHF=X,USDCHF,USD,CHF,major,False,True
2025-09-08 00:00:00+01:00,0.7993000149726868,0.7993199825286865,0.798799991607666,0.7992299795150757,0,0.0,0.0,USDCHF=X,USDCHF,USD,CHF,major,False,True
2025-09-08 01:00:00+01:00,0.7992299795150757,0.7993999719619751,0.79830002784729,0.7983400225639343,0,0.0,0.0,USDCHF=X,USDCHF,USD,CHF,major,False,True
2025-09-08 02:00:00+01:00,0.7983400225639343,0.7986000180244446,0.7978600263595581,0.7981899976730347,0,0.0,0.0,USDCHF=X,USDCHF,USD,CHF,major,False,True
2025-09-08 03:00:00+01:00,0.7981899976730347,0.7982000112533569,0.7976800203323364,0.798009991645813,0,0.0,0.0,USDCHF=X,USDCHF,USD,CHF,major,False,True
2025-09-08 04:00:00+01:00,0.7980300188064575,0.7984300255775452,0.7979000210762024,0.7980999946594238,0,0.0,0.0,USDCHF=X,USDCHF,USD,CHF,major,False,True
2025-09-08 05:00:00+01:00,0.7981100082397461,0.7984499931335449,0.7973899841308594,0.7975000143051147,0,0.0,0.0,USDCHF=X,USDCHF,USD,CHF,major,False,True
2025-09-08 06:00:00+01:00,0.7974299788475037,0.7975999712944031,0.79694002866745,0.7972599864006042,0,0.0,0.0,USDCHF=X,USDCHF,USD,CHF,major,False,True
2025-09-08 07:00:00+01:00,0.7972599864006042,0.7974200248718262,0.7963299751281738,0.7964299917221069,0,0.0,0.0,USDCHF=X,USDCHF,USD,CHF,major,False,True
2025-09-08 08:00:00+01:00,0.7964299917221069,0.7968599796295166,0.7956600189208984,0.795769989490509,0,0.0,0.0,USDCHF=X,USDCHF,USD,CHF,major,False,True
2025-09-08 09:00:00+01:00,0.7957500219345093,0.7961699962615967,0.7950299978256226,0.7958999872207642,0,0.0,0.0,USDCHF=X,USDCHF,USD,CHF,major,False,True
2025-09-08 10:00:00+01:00,0.7958999872207642,0.7964800000190735,0.7958700060844421,0.7963299751281738,0,0.0,0.0,USDCHF=X,USDCHF,USD,CHF,major,False,True
2025-09-08 11:00:00+01:00,0.7963399887084961,0.7966300249099731,0.7951800227165222,0.7953600287437439,0,0.0,0.0,USDCHF=X,USDCHF,USD,CHF,major,False,True
2025-09-08 12:00:00+01:00,0.7953699827194214,0.7958199977874756,0.7951099872589111,0.7956500053405762,0,0.0,0.0,USDCHF=X,USDCHF,USD,CHF,major,False,True
2025-09-08 13:00:00+01:00,0.7956600189208984,0.7956600189208984,0.7943699955940247,0.7946599721908569,0,0.0,0.0,USDCHF=X,USDCHF,USD,CHF,major,False,True
2025-09-08 14:00:00+01:00,0.7946599721908569,0.794700026512146,0.7932299971580505,0.7935400009155273,0,0.0,0.0,USDCHF=X,USDCHF,USD,CHF,major,False,True
2025-09-08 15:00:00+01:00,0.7936800122261047,0.7944899797439575,0.7933700084686279,0.7937600016593933,0,0.0,0.0,USDCHF=X,USDCHF,USD,CHF,major,False,True
2025-09-08 16:00:00+01:00,0.7937700152397156,0.7938500046730042,0.7929199934005737,0.7934499979019165,0,0.0,0.0,USDCHF=X,USDCHF,USD,CHF,major,False,True
2025-09-08 17:00:00+01:00,0.7934499979019165,0.7946000099182129,0.7932699918746948,0.7942600250244141,0,0.0,0.0,USDCHF=X,USDCHF,USD,CHF,major,False,True
2025-09-08 18:00:00+01:00,0.7942500114440918,0.7946500182151794,0.7942000031471252,0.7945700287818909,0,0.0,0.0,USDCHF=X,USDCHF,USD,CHF,major,False,True
2025-09-08 19:00:00+01:00,0.7945299744606018,0.7946000099182129,0.7929700016975403,0.7932699918746948,0,0.0,0.0,USDCHF=X,USDCHF,USD,CHF,major,False,True
2025-09-08 20:00:00+01:00,0.7932699918746948,0.7933400273323059,0.7926999926567078,0.7930099964141846,0,0.0,0.0,USDCHF=X,USDCHF,USD,CHF,major,False,True
2025-09-08 21:00:00+01:00,0.7930499911308289,0.7933300137519836,0.79271000623703,0.7927299737930298,0,0.0,0.0,USDCHF=X,USDCHF,USD,CHF,major,False,True
2025-09-08 22:00:00+01:00,0.7929400205612183,0.7936499714851379,0.7922800183296204,0.7928900122642517,0,0.0,0.0,USDCHF=X,USDCHF,USD,CHF,major,False,True
2025-09-08 23:00:00+01:00,0.7929199934005737,0.7932999730110168,0.7925999760627747,0.7931200265884399,0,0.0,0.0,USDCHF=X,USDCHF,USD,CHF,major,False,True
2025-09-09 00:00:00+01:00,0.7931900024414062,0.7932299971580505,0.7925699949264526,0.7928100228309631,0,0.0,0.0,USDCHF=X,USDCHF,USD,CHF,major,False,True
2025-09-09 01:00:00+01:00,0.7928100228309631,0.7930899858474731,0.792169988155365,0.7925199866294861,0,0.0,0.0,USDCHF=X,USDCHF,USD,CHF,major,False,True
2025-09-09 02:00:00+01:00,0.7925199866294861,0.7928400039672852,0.7921000123023987,0.7922800183296204,0,0.0,0.0,USDCHF=X,USDCHF,USD,CHF,major,False,True
2025-09-09 03:00:00+01:00,0.7922800183296204,0.7928199768066406,0.7920200228691101,0.7926999926567078,0,0.0,0.0,USDCHF=X,USDCHF,USD,CHF,major,False,True
2025-09-09 04:00:00+01:00,0.7926999926567078,0.7930499911308289,0.7925800085067749,0.7929700016975403,0,0.0,0.0,USDCHF=X,USDCHF,USD,CHF,major,False,True
2025-09-09 05:00:00+01:00,0.7929800152778625,0.7929999828338623,0.7921299934387207,0.7922599911689758,0,0.0,0.0,USDCHF=X,USDCHF,USD,CHF,major,False,True
2025-09-09 06:00:00+01:00,0.7922400236129761,0.7923499941825867,0.7915800213813782,0.7917900085449219,0,0.0,0.0,USDCHF=X,USDCHF,USD,CHF,major,False,True
2025-09-09 07:00:00+01:00,0.7917900085449219,0.7926099896430969,0.7914999723434448,0.7920500040054321,0,0.0,0.0,USDCHF=X,USDCHF,USD,CHF,major,False,True
2025-09-09 08:00:00+01:00,0.7920799851417542,0.7940999865531921,0.7916100025177002,0.7936400175094604,0,0.0,0.0,USDCHF=X,USDCHF,USD,CHF,major,False,True
2025-09-09 09:00:00+01:00,0.7936300039291382,0.7943999767303467,0.7928299903869629,0.7930600047111511,0,0.0,0.0,USDCHF=X,USDCHF,USD,CHF,major,False,True
2025-09-09 10:00:00+01:00,0.7930600047111511,0.7931100130081177,0.7922300100326538,0.7928000092506409,0,0.0,0.0,USDCHF=X,USDCHF,USD,CHF,major,False,True
2025-09-09 11:00:00+01:00,0.7928000092506409,0.793720006942749,0.7924000024795532,0.7935900092124939,0,0.0,0.0,USDCHF=X,USDCHF,USD,CHF,major,False,True
2025-09-09 12:00:00+01:00,0.7935299873352051,0.7943199872970581,0.793470025062561,0.7942500114440918,0,0.0,0.0,USDCHF=X,USDCHF,USD,CHF,major,False,True
2025-09-09 13:00:00+01:00,0.7942399978637695,0.7955999970436096,0.7941799759864807,0.7949399948120117,0,0.0,0.0,USDCHF=X,USDCHF,USD,CHF,major,False,True
2025-09-09 14:00:00+01:00,0.794950008392334,0.7951599955558777,0.7938600182533264,0.7943500280380249,0,0.0,0.0,USDCHF=X,USDCHF,USD,CHF,major,False,True
2025-09-09 15:00:00+01:00,0.7943699955940247,0.7959100008010864,0.7928199768066406,0.7952100038528442,0,0.0,0.0,USDCHF=X,USDCHF,USD,CHF,major,False,True
2025-09-09 16:00:00+01:00,0.795199990272522,0.7964900135993958,0.7951800227165222,0.7960900068283081,0,0.0,0.0,USDCHF=X,USDCHF,USD,CHF,major,False,True
2025-09-09 17:00:00+01:00,0.7960699796676636,0.7969800233840942,0.7956500053405762,0.7968400120735168,0,0.0,0.0,USDCHF=X,USDCHF,USD,CHF,major,False,True
2025-09-09 18:00:00+01:00,0.7968599796295166,0.7973499894142151,0.7966600060462952,0.7972699999809265,0,0.0,0.0,USDCHF=X,USDCHF,USD,CHF,major,False,True
2025-09-09 19:00:00+01:00,0.7972699999809265,0.7979199886322021,0.7969800233840942,0.7976899743080139,0,0.0,0.0,USDCHF=X,USDCHF,USD,CHF,major,False,True
2025-09-09 20:00:00+01:00,0.7976800203323364,0.7979400157928467,0.7974399924278259,0.7975800037384033,0,0.0,0.0,USDCHF=X,USDCHF,USD,CHF,major,False,True
2025-09-09 21:00:00+01:00,0.7975800037384033,0.7978000044822693,0.7962899804115295,0.7969800233840942,0,0.0,0.0,USDCHF=X,USDCHF,USD,CHF,major,False,True
2025-09-09 22:00:00+01:00,0.7969800233840942,0.7971000075340271,0.7954300045967102,0.7968500256538391,0,0.0,0.0,USDCHF=X,USDCHF,USD,CHF,major,False,True
2025-09-09 23:00:00+01:00,0.7968500256538391,0.7972000241279602,0.796720027923584,0.79694002866745,0,0.0,0.0,USDCHF=X,USDCHF,USD,CHF,major,False,True
2025-09-10 00:00:00+01:00,0.7969599962234497,0.7976599931716919,0.7965899705886841,0.7974200248718262,0,0.0,0.0,USDCHF=X,USDCHF,USD,CHF,major,False,True
2025-09-10 01:00:00+01:00,0.7974200248718262,0.7979999780654907,0.7974100112915039,0.7978299856185913,0,0.0,0.0,USDCHF=X,USDCHF,USD,CHF,major,False,True
2025-09-10 02:00:00+01:00,0.7978399991989136,0.7984499931335449,0.7976300120353699,0.7977799773216248,0,0.0,0.0,USDCHF=X,USDCHF,USD,CHF,major,False,True
2025-09-10 03:00:00+01:00,0.7977799773216248,0.7977799773216248,0.7972800135612488,0.7974200248718262,0,0.0,0.0,USDCHF=X,USDCHF,USD,CHF,major,False,True
2025-09-10 04:00:00+01:00,0.7974200248718262,0.7975999712944031,0.7972099781036377,0.7973999977111816,0,0.0,0.0,USDCHF=X,USDCHF,USD,CHF,major,False,True
2025-09-10 05:00:00+01:00,0.7973999977111816,0.797469973564148,0.7966700196266174,0.7966899871826172,0,0.0,0.0,USDCHF=X,USDCHF,USD,CHF,major,False,True
2025-09-10 06:00:00+01:00,0.7967000007629395,0.7970600128173828,0.7961000204086304,0.796779990196228,0,0.0,0.0,USDCHF=X,USDCHF,USD,CHF,major,False,True
2025-09-10 07:00:00+01:00,0.796779990196228,0.7980300188064575,0.7963100075721741,0.7979300022125244,0,0.0,0.0,USDCHF=X,USDCHF,USD,CHF,major,False,True
2025-09-10 08:00:00+01:00,0.7979099750518799,0.7984899878501892,0.7969099879264832,0.7975999712944031,0,0.0,0.0,USDCHF=X,USDCHF,USD,CHF,major,False,True
2025-09-10 09:00:00+01:00,0.7975999712944031,0.7984700202941895,0.7973899841308594,0.7975299954414368,0,0.0,0.0,USDCHF=X,USDCHF,USD,CHF,major,False,True
2025-09-10 10:00:00+01:00,0.797540009021759,0.7976999878883362,0.7965199947357178,0.7968199849128723,0,0.0,0.0,USDCHF=X,USDCHF,USD,CHF,major,False,True
2025-09-10 11:00:00+01:00,0.7968199849128723,0.7979199886322021,0.7966600060462952,0.7978600263595581,0,0.0,0.0,USDCHF=X,USDCHF,USD,CHF,major,False,True
2025-09-10 12:00:00+01:00,0.7978399991989136,0.7981699705123901,0.7969300150871277,0.7973200082778931,0,0.0,0.0,USDCHF=X,USDCHF,USD,CHF,major,False,True
2025-09-10 13:00:00+01:00,0.7973200082778931,0.7991600036621094,0.7958400249481201,0.798009991645813,0,0.0,0.0,USDCHF=X,USDCHF,USD,CHF,major,False,True
2025-09-10 14:00:00+01:00,0.798009991645813,0.798229992389679,0.7963200211524963,0.7967900037765503,0,0.0,0.0,USDCHF=X,USDCHF,USD,CHF,major,False,True
2025-09-10 15:00:00+01:00,0.7967900037765503,0.7978100180625916,0.7963399887084961,0.7971299886703491,0,0.0,0.0,USDCHF=X,USDCHF,USD,CHF,major,False,True
2025-09-10 16:00:00+01:00,0.7971299886703491,0.7979699969291687,0.7966200113296509,0.7979000210762024,0,0.0,0.0,USDCHF=X,USDCHF,USD,CHF,major,False,True
2025-09-10 17:00:00+01:00,0.7979000210762024,0.7983400225639343,0.7978100180625916,0.7980700135231018,0,0.0,0.0,USDCHF=X,USDCHF,USD,CHF,major,False,True
