ds,trend,yhat_lower,yhat_upper,trend_lower,trend_upper,extra_regressors_multiplicative,extra_regressors_multiplicative_lower,extra_regressors_multiplicative_upper,market_session,market_session_lower,market_session_upper,multiplicative_terms,multiplicative_terms_lower,multiplicative_terms_upper,returns_lag_1,returns_lag_1_lower,returns_lag_1_upper,volatility_lag_5,volatility_lag_5_lower,volatility_lag_5_upper,weekly,weekly_lower,weekly_upper,additive_terms,additive_terms_lower,additive_terms_upper,yhat
2025-02-20 00:00:00,0.5619548431921005,0.56314786486965,0.5742794796274208,0.5619548431921005,0.5619548431921005,0.011622095685385105,0.011622095685385105,0.011622095685385105,0.013777613121107571,0.013777613121107571,0.013777613121107571,0.012641572685382433,0.012641572685382433,0.012641572685382433,-0.002542487403564432,-0.002542487403564432,-0.002542487403564432,0.0003869699678419662,0.0003869699678419662,0.0003869699678419662,0.001019476999997329,0.001019476999997329,0.001019476999997329,0.0,0.0,0.0,0.5690588361882161
2025-02-21 00:00:00,0.5619566005872133,0.5646873714891312,0.5770294579273032,0.5619566005872133,0.5619566005872133,0.014097380134194565,0.014097380134194565,0.014097380134194565,0.013777613121107571,0.013777613121107571,0.013777613121107571,0.014256302044477044,0.014256302044477044,0.014256302044477044,-0.000502570458329542,-0.000502570458329542,-0.000502570458329542,0.000822337471416536,0.000822337471416536,0.000822337471416536,0.00015892191028247973,0.00015892191028247973,0.00015892191028247973,0.0,0.0,0.0,0.5699680236210721
2025-02-24 00:00:00,0.5619618727725516,0.5656264863440321,0.5765703637116849,0.5619618727725516,0.5619618727725516,0.01886896163065898,0.01886896163065898,0.01886896163065898,0.013777613121107571,0.013777613121107571,0.013777613121107571,0.01801156754248175,0.01801156754248175,0.01801156754248175,0.005456964740631099,0.005456964740631099,0.005456964740631099,-0.00036561623107968927,-0.00036561623107968927,-0.00036561623107968927,-0.0008573940881772315,-0.0008573940881772315,-0.0008573940881772315,0.0,0.0,0.0,0.5720836870002939
2025-02-25 00:00:00,0.5619636301676644,0.5636155382941246,0.575698813624963,0.5619636301676644,0.5619636301676644,0.012969107415432864,0.012969107415432864,0.012969107415432864,0.013777613121107571,0.013777613121107571,0.013777613121107571,0.01418669991749937,0.01418669991749937,0.01418669991749937,-0.0012978311652647367,-0.0012978311652647367,-0.0012978311652647367,0.0004893254595900303,0.0004893254595900303,0.0004893254595900303,0.001217592502066505,0.001217592502066505,0.001217592502066505,0.0,0.0,0.0,0.5699360395534016
2025-02-26 00:00:00,0.5619653875627773,0.5628427809137846,0.5734065258186994,0.5619653875627773,0.5619653875627773,0.011507000431194837,0.011507000431194837,0.011507000431194837,0.013777613121107571,0.013777613121107571,0.013777613121107571,0.011264766868302257,0.011264766868302257,0.011264766868302257,-0.002313723289354518,-0.002313723289354518,-0.002313723289354518,4.311059944178418e-05,4.311059944178418e-05,4.311059944178418e-05,-0.00024223356289257783,-0.00024223356289257783,-0.00024223356289257783,0.0,0.0,0.0,0.5682957966417271
2025-02-27 00:00:00,0.5619671449737795,0.5652165275425086,0.576891229512746,0.5619671449737795,0.5619671449737795,0.014645886883837493,0.014645886883837493,0.014645886883837493,0.013777613121107571,0.013777613121107571,0.013777613121107571,0.01566536388383663,0.01566536388383663,0.01566536388383663,0.0002501564025997103,0.0002501564025997103,0.0002501564025997103,0.0006181173601302126,0.0006181173601302126,0.0006181173601302126,0.001019476999999136,0.001019476999999136,0.001019476999999136,0.0,0.0,0.0,0.5707705647905545
2025-02-28 00:00:00,0.5619689023847818,0.5617844825255409,0.5725095848672426,0.5619689023847818,0.5619689023847818,0.01075702891848645,0.01075702891848645,0.01075702891848645,0.013777613121107571,0.013777613121107571,0.013777613121107571,0.010915950828769642,0.010915950828769642,0.010915950828769642,-0.00290402258517804,-0.00290402258517804,-0.00290402258517804,-0.00011656161744308051,-0.00011656161744308051,-0.00011656161744308051,0.00015892191028319178,0.00015892191028319178,0.00015892191028319178,0.0,0.0,0.0,0.5681033272905118
2025-03-03 00:00:00,0.5619741746177885,0.5609015737906226,0.5707922369346076,0.5619741746177885,0.5619741746177885,0.008832959854802373,0.008832959854802373,0.008832959854802373,0.013777613121107571,0.013777613121107571,0.013777613121107571,0.007975565766617398,0.007975565766617398,0.007975565766617398,-0.006604639253550205,-0.006604639253550205,-0.006604639253550205,0.0016599859872450072,0.0016599859872450072,0.0016599859872450072,-0.0008573940881849743,-0.0008573940881849743,-0.0008573940881849743,0.0,0.0,0.0,0.5664562366065933
2025-03-04 00:00:00,0.5621714454699066,0.5645565477203445,0.5761347860697394,0.5621714454699066,0.5621714454699066,0.013480117643838836,0.013480117643838836,0.013480117643838836,0.013777613121107571,0.013777613121107571,0.013777613121107571,0.014697710145904621,0.014697710145904621,0.014697710145904621,-0.0021286610641271402,-0.0021286610641271402,-0.0021286610641271402,0.0018311655868584055,0.0018311655868584055,0.0018311655868584055,0.0012175925020657845,0.0012175925020657845,0.0012175925020657845,0.0,0.0,0.0,0.5704340784277275
2025-03-05 00:00:00,0.5623687163220247,0.5652991210863731,0.5765260636069307,0.5623687163220247,0.5623687163220247,0.015260082061195867,0.015260082061195867,0.015260082061195867,0.013777613121107571,0.013777613121107571,0.013777613121107571,0.015017848498304644,0.015017848498304644,0.015017848498304644,0.0005944099918018984,0.0005944099918018984,0.0005944099918018984,0.0008880589482863973,0.0008880589482863973,0.0008880589482863973,-0.0002422335628912224,-0.0002422335628912224,-0.0002422335628912224,0.0,0.0,0.0,0.5708142845039349
2025-03-06 00:00:00,0.5625659871741426,0.5666778193163834,0.5790283908996378,0.5625659871741426,0.5625659871741426,0.016376179288633032,0.016376179288633032,0.016376179288633032,0.013777613121107571,0.013777613121107571,0.013777613121107571,0.017395656288631586,0.017395656288631586,0.017395656288631586,0.004198951857393905,0.004198951857393905,0.004198951857393905,-0.0016003856898684444,-0.0016003856898684444,-0.0016003856898684444,0.001019476999998551,0.001019476999998551,0.001019476999998551,0.0,0.0,0.0,0.5723521917266987
2025-03-07 00:00:00,0.5627632580262607,0.5664679117063328,0.5770504372410488,0.5627632580262607,0.5627632580262607,0.01597080304068843,0.01597080304068843,0.01597080304068843,0.013777613121107571,0.013777613121107571,0.013777613121107571,0.01612972495096766,0.01612972495096766,0.01612972495096766,0.005936853468441642,0.005936853468441642,0.005936853468441642,-0.003743663548860785,-0.003743663548860785,-0.003743663548860785,0.00015892191027923292,0.00015892191027923292,0.00015892191027923292,0.0,0.0,0.0,0.5718404745907348
2025-03-10 00:00:00,0.5636041613009197,0.5666999551564316,0.5761302502403347,0.5636041613009197,0.5636041613009197,0.01443720979885037,0.01443720979885037,0.01443720979885037,0.013777613121107571,0.013777613121107571,0.013777613121107571,0.013579815710668687,0.013579815710668687,0.013579815710668687,0.00047125495553163217,0.00047125495553163217,0.00047125495553163217,0.00018834172221116817,0.00018834172221116817,0.00018834172221116817,-0.0008573940881816833,-0.0008573940881816833,-0.0008573940881816833,0.0,0.0,0.0,0.5712578019451523
2025-03-11 00:00:00,0.5638844623924727,0.5649201682939707,0.5768574495621007,0.5638844623924727,0.5638844623924727,0.011307586313724029,0.011307586313724029,0.011307586313724029,0.013777613121107571,0.013777613121107571,0.013777613121107571,0.01252517881579027,0.01252517881579027,0.01252517881579027,-0.0024435606453387035,-0.0024435606453387035,-0.0024435606453387035,-2.6466162044838977e-05,-2.6466162044838977e-05,-2.6466162044838977e-05,0.0012175925020662414,0.0012175925020662414,0.0012175925020662414,0.0,0.0,0.0,0.5709472161153842
2025-03-12 00:00:00,0.5641647634840257,0.5649486602960541,0.5760974889436392,0.5641647634840257,0.5641647634840257,0.011557900092170526,0.011557900092170526,0.011557900092170526,0.013777613121107571,0.013777613121107571,0.013777613121107571,0.011315666529278215,0.011315666529278215,0.011315666529278215,-0.001523132798676486,-0.001523132798676486,-0.001523132798676486,-0.0006965802302605596,-0.0006965802302605596,-0.0006965802302605596,-0.00024223356289231214,-0.00024223356289231214,-0.00024223356289231214,0.0,0.0,0.0,0.57054866381518
2025-03-13 00:00:00,0.5644450645755787,0.5671491444218549,0.5800200541904605,0.5644450645755787,0.5644450645755787,0.015229600935195362,0.015229600935195362,0.015229600935195362,0.013777613121107571,0.013777613121107571,0.013777613121107571,0.016249077935196598,0.016249077935196598,0.016249077935196598,0.0013653922086573414,0.0013653922086573414,0.0013653922086573414,8.659560543044823e-05,8.659560543044823e-05,8.659560543044823e-05,0.0010194770000012368,0.0010194770000012368,0.0010194770000012368,0.0,0.0,0.0,0.5736167764200044
2025-03-14 00:00:00,0.564725365697357,0.5690950622911947,0.5794488217013363,0.564725365697357,0.564725365697357,0.018899352448430825,0.018899352448430825,0.018899352448430825,0.013777613121107571,0.013777613121107571,0.013777613121107571,0.019058274358710766,0.019058274358710766,0.019058274358710766,0.002060452405018787,0.002060452405018787,0.002060452405018787,0.0030612869223044657,0.0030612869223044657,0.0030612869223044657,0.00015892191027994492,0.00015892191027994492,0.00015892191027994492,0.0,0.0,0.0,0.5754880566541404
2025-03-17 00:00:00,0.5655662690626916,0.5678100208689255,0.5782360457065432,0.5655662690626916,0.5655662690626916,0.01280226371289389,0.01280226371289389,0.01280226371289389,0.013777613121107571,0.013777613121107571,0.013777613121107571,0.011944869624709205,0.011944869624709205,0.011944869624709205,-0.0031394584843861665,-0.0031394584843861665,-0.0031394584843861665,0.0021641090761724846,0.0021641090761724846,0.0021641090761724846,-0.0008573940881846849,-0.0008573940881846849,-0.0008573940881846849,0.0,0.0,0.0,0.5723218844107787
2025-03-18 00:00:00,0.5658465701844698,0.5728469372473237,0.5825350397347955,0.5658465701844698,0.5658465701844698,0.018834657509716964,0.018834657509716964,0.018834657509716964,0.013777613121107571,0.013777613121107571,0.013777613121107571,0.020052250011782596,0.020052250011782596,0.020052250011782596,0.004239559575045584,0.004239559575045584,0.004239559575045584,0.0008174848135638094,0.0008174848135638094,0.0008174848135638094,0.0012175925020656306,0.0012175925020656306,0.0012175925020656306,0.0,0.0,0.0,0.5771930670781185
2025-03-19 00:00:00,0.5661268712886466,0.5713569288084209,0.5826300448075912,0.5661268712886466,0.5661268712886466,0.019529085464860506,0.019529085464860506,0.019529085464860506,0.013777613121107571,0.013777613121107571,0.013777613121107571,0.019286851901968324,0.019286851901968324,0.019286851901968324,0.0062059747933272584,0.0062059747933272584,0.0062059747933272584,-0.00045450244957432457,-0.00045450244957432457,-0.00045450244957432457,-0.00024223356289217944,-0.00024223356289217944,-0.00024223356289217944,0.0,0.0,0.0,0.5770456764129154
2025-03-20 00:00:00,0.5664071723928233,0.5682066053310125,0.5785323044965127,0.5664071723928233,0.5664071723928233,0.012151640340188627,0.012151640340188627,0.012151640340188627,0.013777613121107571,0.013777613121107571,0.013777613121107571,0.01317111734018513,0.01317111734018513,0.01317111734018513,-0.0006778468744737664,-0.0006778468744737664,-0.0006778468744737664,-0.0009481259064451773,-0.0009481259064451773,-0.0009481259064451773,0.0010194769999965028,0.0010194769999965028,0.0010194769999965028,0.0,0.0,0.0,0.5738673877227317
2025-03-21 00:00:00,0.566687473497,0.568392796182559,0.581637723148093,0.566687473497,0.566687473497,0.012815426894101006,0.012815426894101006,0.012815426894101006,0.013777613121107571,0.013777613121107571,0.013777613121107571,0.012974348804376992,0.012974348804376992,0.012974348804376992,0.00011485819417225731,0.00011485819417225731,0.00011485819417225731,-0.0010770444211788217,-0.0010770444211788217,-0.0010770444211788217,0.00015892191027598612,0.00015892191027598612,0.00015892191027598612,0.0,0.0,0.0,0.5740398744412212
2025-03-24 00:00:00,0.5675283768095302,0.5652888708544844,0.5755242637184474,0.5675283768095302,0.5675283768095302,0.00579939139272143,0.00579939139272143,0.00579939139272143,0.013777613121107571,0.013777613121107571,0.013777613121107571,0.0049419973045400365,0.0049419973045400365,0.0049419973045400365,-0.0053411275746082735,-0.0053411275746082735,-0.0053411275746082735,-0.0026370941537778676,-0.0026370941537778676,-0.0026370941537778676,-0.0008573940881813939,-0.0008573940881813939,-0.0008573940881813939,0.0,0.0,0.0,0.5703331005179729
2025-03-25 00:00:00,0.5678086780905547,0.5686452816367683,0.580088536435217,0.5678086780905547,0.5678086780905547,0.010278717141299217,0.010278717141299217,0.010278717141299217,0.013777613121107571,0.013777613121107571,0.013777613121107571,0.011496309643365305,0.011496309643365305,0.011496309643365305,-0.0015963773300480331,-0.0015963773300480331,-0.0015963773300480331,-0.0019025186497603208,-0.0019025186497603208,-0.0019025186497603208,0.0012175925020660875,0.0012175925020660875,0.0012175925020660875,0.0,0.0,0.0,0.5743363824720736
2025-03-26 00:00:00,0.5680889793715791,0.5703248232848799,0.5814446615650717,0.5680889793715791,0.5680889793715791,0.014657109951588329,0.014657109951588329,0.014657109951588329,0.013777613121107571,0.013777613121107571,0.013777613121107571,0.014414876388697083,0.014414876388697083,0.014414876388697083,-0.001788872762546273,-0.001788872762546273,-0.001788872762546273,0.0026683695930270306,0.0026683695930270306,0.0026683695930270306,-0.00024223356289124507,-0.00024223356289124507,-0.00024223356289124507,0.0,0.0,0.0,0.5762779117870015
2025-03-27 00:00:00,0.5683692806526036,0.5736969505175694,0.5850168481510515,0.5683692806526036,0.5683692806526036,0.016416331358136582,0.016416331358136582,0.016416331358136582,0.013777613121107571,0.013777613121107571,0.013777613121107571,0.0174358083581325,0.0174358083581325,0.0174358083581325,0.0004099994836729558,0.0004099994836729558,0.0004099994836729558,0.002228718753356055,0.002228718753356055,0.002228718753356055,0.0010194769999959177,0.0010194769999959177,0.0010194769999959177,0.0,0.0,0.0,0.578279258506712
2025-03-28 00:00:00,0.5689184017557407,0.5719278028857809,0.5836483664664199,0.5689184017557407,0.5689184017557407,0.015047918476902997,0.015047918476902997,0.015047918476902997,0.013777613121107571,0.013777613121107571,0.013777613121107571,0.015206840387184367,0.015206840387184367,0.015206840387184367,-0.0013928023487100177,-0.0013928023487100177,-0.0013928023487100177,0.002663107704505444,0.002663107704505444,0.002663107704505444,0.00015892191028136896,0.00015892191028136896,0.00015892191028136896,0.0,0.0,0.0,0.5775698530845723
2025-03-30 23:00:00,0.5705428850191882,0.5640424315843156,0.5748436067237641,0.5705428850191882,0.5705428850191882,0.001313941401274922,0.001313941401274922,0.001313941401274922,-0.004227222207612557,-0.004227222207612557,-0.004227222207612557,0.0003628756393379835,0.0003628756393379835,0.0003628756393379835,0.0013950096425718224,0.0013950096425718224,0.0013950096425718224,0.0041461539663156565,0.0041461539663156565,0.0041461539663156565,-0.0009510657619369382,-0.0009510657619369382,-0.0009510657619369382,0.0,0.0,0.0,0.5707499211333592
2025-03-31 23:00:00,0.5710920061223252,0.5634916884692757,0.5748656695980007,0.5710920061223252,0.5710920061223252,-0.0034011544108938398,-0.0034011544108938398,-0.0034011544108938398,-0.004227222207612557,-0.004227222207612557,-0.004227222207612557,-0.002184595436009129,-0.002184595436009129,-0.002184595436009129,-0.0027340875320546365,-0.0027340875320546365,-0.0027340875320546365,0.003560155328773353,0.003560155328773353,0.003560155328773353,0.0012165589748847102,0.0012165589748847102,0.0012165589748847102,0.0,0.0,0.0,0.5698444011322091
2025-04-01 23:00:00,0.5716411272254623,0.5627813287439238,0.5750255252588324,0.5716411272254623,0.5716411272254623,-0.004824868351743641,-0.004824868351743641,-0.004824868351743641,-0.004227222207612557,-0.004227222207612557,-0.004227222207612557,-0.0050355026019319425,-0.0050355026019319425,-0.0050355026019319425,-0.00339513391767297,-0.00339513391767297,-0.00339513391767297,0.0027974877735418863,0.0027974877735418863,0.0027974877735418863,-0.00021063425018830233,-0.00021063425018830233,-0.00021063425018830233,0.0,0.0,0.0,0.5687626268419472
2025-04-02 23:00:00,0.5725857080908999,0.5677619182049644,0.5787542782386812,0.5725857080908999,0.5725857080908999,0.00020884029733385595,0.00020884029733385595,0.00020884029733385595,-0.004227222207612557,-0.004227222207612557,-0.004227222207612557,0.0011655965634750636,0.0011655965634750636,0.0011655965634750636,0.0037269015667135415,0.0037269015667135415,0.0037269015667135415,0.0007091609382328711,0.0007091609382328711,0.0007091609382328711,0.0009567562661412075,0.0009567562661412075,0.0009567562661412075,0.0,0.0,0.0,0.5732531120245457
2025-04-03 23:00:00,0.5735302889563374,0.566475103275228,0.5774789948970085,0.5735302889563374,0.5735302889563374,-0.0024824751181353358,-0.0024824751181353358,-0.0024824751181353358,-0.004227222207612557,-0.004227222207612557,-0.004227222207612557,-0.0022309616440004446,-0.0022309616440004446,-0.0022309616440004446,0.0010678159880418607,0.0010678159880418607,0.0010678159880418607,0.00067693110143536,0.00067693110143536,0.00067693110143536,0.00025151347413489105,0.00025151347413489105,0.00025151347413489105,0.0,0.0,0.0,0.5722507648800033
2025-04-06 23:00:00,0.57636403155265,0.5713225922117232,0.5806015562599939,0.57636403155265,0.57636403155265,-0.0001785809227983074,-0.0001785809227983074,-0.0001785809227983074,-0.004227222207612557,-0.004227222207612557,-0.004227222207612557,-0.001129646684732321,-0.001129646684732321,-0.001129646684732321,0.005068499269076244,0.005068499269076244,0.005068499269076244,-0.0010198579842619945,-0.0010198579842619945,-0.0010198579842619945,-0.0009510657619340141,-0.0009510657619340141,-0.0009510657619340141,0.0,0.0,0.0,0.5757129438352077
2025-04-07 23:00:00,0.5773086124180876,0.5474428371149642,0.5583634668578851,0.5773086124180876,0.5773086124180876,-0.042434391078009275,-0.042434391078009275,-0.042434391078009275,-0.004227222207612557,-0.004227222207612557,-0.004227222207612557,-0.041217832103124206,-0.041217832103124206,-0.041217832103124206,-0.02160598354398363,-0.02160598354398363,-0.02160598354398363,-0.01660118532641309,-0.01660118532641309,-0.01660118532641309,0.0012165589748850728,0.0012165589748850728,0.0012165589748850728,0.0,0.0,0.0,0.5535132029597513
2025-04-08 23:00:00,0.5785171221713402,0.5593032477250707,0.5724318848641904,0.5785171221713402,0.5785171221713402,-0.021479646362065858,-0.021479646362065858,-0.021479646362065858,-0.004227222207612557,-0.004227222207612557,-0.004227222207612557,-0.021690280612255683,-0.021690280612255683,-0.021690280612255683,-0.0005400289588605214,-0.0005400289588605214,-0.0005400289588605214,-0.01671239519559278,-0.01671239519559278,-0.01671239519559278,-0.00021063425018982634,-0.00021063425018982634,-0.00021063425018982634,0.0,0.0,0.0,0.5659689234524493
2025-04-09 23:00:00,0.5797256319245927,0.5624604127128525,0.574003118107407,0.5797256319245927,0.5797256319245927,-0.02165619648841003,-0.02165619648841003,-0.02165619648841003,-0.004227222207612557,-0.004227222207612557,-0.004227222207612557,-0.020699440222265813,-0.020699440222265813,-0.020699440222265813,-0.0018493700082292525,-0.0018493700082292525,-0.0018493700082292525,-0.015579604272568222,-0.015579604272568222,-0.015579604272568222,0.0009567562661442181,0.0009567562661442181,0.0009567562661442181,0.0,0.0,0.0,0.5677256358612544
2025-04-10 23:00:00,0.5809341416778453,0.5680746406703515,0.5797614260261702,0.5809341416778453,0.5809341416778453,-0.013050403358274192,-0.013050403358274192,-0.013050403358274192,-0.004227222207612557,-0.004227222207612557,-0.004227222207612557,-0.012798889884136773,-0.012798889884136773,-0.012798889884136773,0.010745901514048771,0.010745901514048771,0.010745901514048771,-0.019569082664710406,-0.019569082664710406,-0.019569082664710406,0.0002515134741374205,0.0002515134741374205,0.0002515134741374205,0.0,0.0,0.0,0.573498829568575
2025-04-13 23:00:00,0.584559670890414,0.5687485160964154,0.5804536013958451,0.584559670890414,0.584559670890414,-0.015764420267679644,-0.015764420267679644,-0.015764420267679644,-0.004227222207612557,-0.004227222207612557,-0.004227222207612557,-0.016715486029616075,-0.016715486029616075,-0.016715486029616075,0.009795486817401172,0.009795486817401172,0.009795486817401172,-0.02133268487746826,-0.02133268487746826,-0.02133268487746826,-0.0009510657619364308,-0.0009510657619364308,-0.0009510657619364308,0.0,0.0,0.0,0.5747884718781684
2025-04-14 23:00:00,0.5857681806279369,0.5796358447631185,0.5896052626287098,0.5857681806279369,0.5857681806279369,-0.002326961654313748,-0.002326961654313748,-0.002326961654313748,-0.004227222207612557,-0.004227222207612557,-0.004227222207612557,-0.0011104026794288091,-0.0011104026794288091,-0.0011104026794288091,0.007643155286968568,0.007643155286968568,0.007643155286968568,-0.00574289473366976,-0.00574289473366976,-0.00574289473366976,0.0012165589748849386,0.0012165589748849386,0.0012165589748849386,0.0,0.0,0.0,0.5851177420706435
2025-04-15 23:00:00,0.5869766903654599,0.5786433544632313,0.5881331392902209,0.5869766903654599,0.5869766903654599,-0.0061217152215472595,-0.0061217152215472595,-0.0061217152215472595,-0.004227222207612557,-0.004227222207612557,-0.004227222207612557,-0.0063323494717368355,-0.0063323494717368355,-0.0063323494717368355,0.0025145955796515977,0.0025145955796515977,0.0025145955796515977,-0.004409088593586301,-0.004409088593586301,-0.004409088593586301,-0.00021063425018957545,-0.00021063425018957545,-0.00021063425018957545,0.0,0.0,0.0,0.5832597488303023
2025-04-16 23:00:00,0.5881852001029828,0.5825858094481798,0.5925759306910223,0.5881852001029828,0.5881852001029828,-0.0034028837936093638,-0.0034028837936093638,-0.0034028837936093638,-0.004227222207612557,-0.004227222207612557,-0.004227222207612557,-0.002446127527462136,-0.002446127527462136,-0.002446127527462136,0.0023125356097118536,0.0023125356097118536,0.0023125356097118536,-0.001488197195708661,-0.001488197195708661,-0.001488197195708661,0.0009567562661472286,0.0009567562661472286,0.0009567562661472286,0.0,0.0,0.0,0.5867464240937651
2025-04-21 23:00:00,0.5932163624167158,0.58712868996798,0.5975792315651871,0.5932163624167158,0.5932163624167158,-0.0011543768793949108,-0.0011543768793949108,-0.0011543768793949108,-0.004227222207612557,-0.004227222207612557,-0.004227222207612557,6.218209548901709e-05,6.218209548901709e-05,6.218209548901709e-05,0.0032789256200460447,0.0032789256200460447,0.0032789256200460447,-0.0002060802918283988,-0.0002060802918283988,-0.0002060802918283988,0.0012165589748839275,0.0012165589748839275,0.0012165589748839275,0.0,0.0,0.0,0.5932532498532093
2025-04-22 23:00:00,0.5942225948794624,0.5910851617313855,0.6008807763614317,0.5942225948794624,0.5942225948794624,0.003437907138578284,0.003437907138578284,0.003437907138578284,-0.004227222207612557,-0.004227222207612557,-0.004227222207612557,0.0032272728883889603,0.0032272728883889603,0.0032272728883889603,0.005373333761265146,0.005373333761265146,0.005373333761265146,0.002291795584925695,0.002291795584925695,0.002291795584925695,-0.00021063425018932462,-0.00021063425018932462,-0.00021063425018932462,0.0,0.0,0.0,0.596140313349585
2025-04-23 23:00:00,0.595228827342209,0.5873227301475268,0.5984697206420937,0.595228827342209,0.595228827342209,-0.007665795746888434,-0.007665795746888434,-0.007665795746888434,-0.004227222207612557,-0.004227222207612557,-0.004227222207612557,-0.006709039480745586,-0.006709039480745586,-0.006709039480745586,-0.003473788872426214,-0.003473788872426214,-0.003473788872426214,3.521533315033654e-05,3.521533315033654e-05,3.521533315033654e-05,0.0009567562661428491,0.0009567562661428491,0.0009567562661428491,0.0,0.0,0.0,0.5912354136394923
2025-04-24 23:00:00,0.5962350598049556,0.5869850685898379,0.5980016742179509,0.5962350598049556,0.5962350598049556,-0.005494092749785405,-0.005494092749785405,-0.005494092749785405,-0.004227222207612557,-0.004227222207612557,-0.004227222207612557,-0.00524257927564639,-0.00524257927564639,-0.00524257927564639,-0.0008498140113290221,-0.0008498140113290221,-0.0008498140113290221,-0.00041705653084382583,-0.00041705653084382583,-0.00041705653084382583,0.0002515134741390147,0.0002515134741390147,0.0002515134741390147,0.0,0.0,0.0,0.5931092502370083
2025-04-27 23:00:00,0.5963336840863428,0.5890952404747506,0.6009889676243586,0.5963336840863428,0.5963336840863428,-0.0018722273913282655,-0.0018722273913282655,-0.0018722273913282655,-0.004227222207612557,-0.004227222207612557,-0.004227222207612557,-0.0028232931532588476,-0.0028232931532588476,-0.0028232931532588476,0.0028787817659400895,0.0028787817659400895,0.0028787817659400895,-0.0005237869496557986,-0.0005237869496557986,-0.0005237869496557986,-0.0009510657619305827,-0.0009510657619305827,-0.0009510657619305827,0.0,0.0,0.0,0.5946500592790043
2025-04-28 23:00:00,0.5963665588468052,0.5851815135638849,0.5987370441752387,0.5963665588468052,0.5963665588468052,-0.008984639311398816,-0.008984639311398816,-0.008984639311398816,-0.004227222207612557,-0.004227222207612557,-0.004227222207612557,-0.007768080336515023,-0.007768080336515023,-0.007768080336515023,-0.0034102979828495843,-0.0034102979828495843,-0.0034102979828495843,-0.0013471191209366753,-0.0013471191209366753,-0.0013471191209366753,0.001216558974883793,0.001216558974883793,0.001216558974883793,0.0,0.0,0.0,0.5917339355076723
2025-04-29 23:00:00,0.5963994336072677,0.5902270929318875,0.5999424241381897,0.5963994336072677,0.5963994336072677,-0.0015876938371866898,-0.0015876938371866898,-0.0015876938371866898,-0.004227222207612557,-0.004227222207612557,-0.004227222207612557,-0.0017983280873749197,-0.0017983280873749197,-0.0017983280873749197,0.0017759432965628618,0.0017759432965628618,0.0017759432965628618,0.000863585073863005,0.000863585073863005,0.000863585073863005,-0.00021063425018823028,-0.00021063425018823028,-0.00021063425018823028,0.0,0.0,0.0,0.5953269117545172
2025-04-30 23:00:00,0.5964323080272319,0.5878408654695534,0.5998415487463428,0.5964323080272319,0.5964323080272319,-0.006332808623888375,-0.006332808623888375,-0.006332808623888375,-0.004227222207612557,-0.004227222207612557,-0.004227222207612557,-0.005376052357742515,-0.005376052357742515,-0.005376052357742515,-0.003141759802639729,-0.003141759802639729,-0.003141759802639729,0.0010361733863639112,0.0010361733863639112,0.0010361733863639112,0.0009567562661458595,0.0009567562661458595,0.0009567562661458595,0.0,0.0,0.0,0.5932258567114282
2025-05-01 23:00:00,0.5964651824471962,0.5889064678058148,0.6003380590836876,0.5964651824471962,0.5964651824471962,-0.003206009081425637,-0.003206009081425637,-0.003206009081425637,-0.004227222207612557,-0.004227222207612557,-0.004227222207612557,-0.002954495607290708,-0.002954495607290708,-0.002954495607290708,-9.128070734939073e-06,-9.128070734939073e-06,-9.128070734939073e-06,0.001030341196921859,0.001030341196921859,0.001030341196921859,0.00025151347413492834,0.00025151347413492834,0.00025151347413492834,0.0,0.0,0.0,0.5947029286857541
2025-05-04 23:00:00,0.5965638057070889,0.588893148264505,0.5993613917218815,0.5965638057070889,0.5965638057070889,-0.004122292341991792,-0.004122292341991792,-0.004122292341991792,-0.004227222207612557,-0.004227222207612557,-0.004227222207612557,-0.005073358103924791,-0.005073358103924791,-0.005073358103924791,-0.002264676032817961,-0.002264676032817961,-0.002264676032817961,0.0023696058984387256,0.0023696058984387256,0.0023696058984387256,-0.0009510657619329992,-0.0009510657619329992,-0.0009510657619329992,0.0,0.0,0.0,0.5935372238888966
2025-05-05 23:00:00,0.5965966801270531,0.5924378930106765,0.6034269537005899,0.5965966801270531,0.5965966801270531,0.00037464922408153144,0.00037464922408153144,0.00037464922408153144,-0.004227222207612557,-0.004227222207612557,-0.004227222207612557,0.001591208198966184,0.001591208198966184,0.001591208198966184,0.003159017943024035,0.003159017943024035,0.003159017943024035,0.0014428534886700532,0.0014428534886700532,0.0014428534886700532,0.0012165589748846526,0.0012165589748846526,0.0012165589748846526,0.0,0.0,0.0,0.5975459896559473
2025-05-06 23:00:00,0.5966295545444105,0.5898214600609003,0.6001523277048987,0.5966295545444105,0.5966295545444105,-0.0017982268425386634,-0.0017982268425386634,-0.0017982268425386634,-0.004227222207612557,-0.004227222207612557,-0.004227222207612557,-0.002008861092726642,-0.002008861092726642,-0.002008861092726642,0.0006435153760523734,0.0006435153760523734,0.0006435153760523734,0.00178547998902152,0.00178547998902152,0.00178547998902152,-0.00021063425018797935,-0.00021063425018797935,-0.00021063425018797935,0.0,0.0,0.0,0.5954310086455153
2025-05-07 23:00:00,0.5966624289617679,0.5922579928370282,0.6038518755080198,0.5966624289617679,0.5966624289617679,0.0016450420632044827,0.0016450420632044827,0.0016450420632044827,-0.004227222207612557,-0.004227222207612557,-0.004227222207612557,0.0026017983293487954,0.0026017983293487954,0.0026017983293487954,0.0044154499747623725,0.0044154499747623725,0.0044154499747623725,0.0014568142960546667,0.0014568142960546667,0.0014568142960546667,0.0009567562661443125,0.0009567562661443125,0.0009567562661443125,0.0,0.0,0.0,0.5982148242726257
2025-05-08 23:00:00,0.5966953033791252,0.5831064592498545,0.5939304033228282,0.5966953033791252,0.5966953033791252,-0.013028368190306346,-0.013028368190306346,-0.013028368190306346,-0.004227222207612557,-0.004227222207612557,-0.004227222207612557,-0.012776854716175502,-0.012776854716175502,-0.012776854716175502,-0.006455428792031041,-0.006455428792031041,-0.006455428792031041,-0.0023457171906627475,-0.0023457171906627475,-0.0023457171906627475,0.00025151347413084204,0.00025151347413084204,0.00025151347413084204,0.0,0.0,0.0,0.5890714141780259
2025-05-11 23:00:00,0.5967939266311973,0.5846297117961896,0.5968692081950037,0.5967939266311973,0.5967939266311973,-0.010673319768899618,-0.010673319768899618,-0.010673319768899618,-0.004227222207612557,-0.004227222207612557,-0.004227222207612557,-0.011624385530829694,-0.011624385530829694,-0.011624385530829694,-0.0036426011479220974,-0.0036426011479220974,-0.0036426011479220974,-0.0028034964133649655,-0.0028034964133649655,-0.0028034964133649655,-0.0009510657619300753,-0.0009510657619300753,-0.0009510657619300753,0.0,0.0,0.0,0.5898565639455786
2025-05-12 23:00:00,0.5968268010992044,0.5898253586304416,0.6012824825683257,0.5968268010992044,0.5968268010992044,-0.004802381683321132,-0.004802381683321132,-0.004802381683321132,-0.004227222207612557,-0.004227222207612557,-0.004227222207612557,-0.003585822708436614,-0.003585822708436614,-0.003585822708436614,0.0016994016977141253,0.0016994016977141253,0.0016994016977141253,-0.002274561173422701,-0.002274561173422701,-0.002274561173422701,0.0012165589748845181,0.0012165589748845181,0.0012165589748845181,0.0,0.0,0.0,0.5946866860028193
2025-05-13 23:00:00,0.5968596755672114,0.584270126037295,0.5953544801228421,0.5968596755672114,0.5968596755672114,-0.012470858163023697,-0.012470858163023697,-0.012470858163023697,-0.004227222207612557,-0.004227222207612557,-0.004227222207612557,-0.01268149241321143,-0.01268149241321143,-0.01268149241321143,-0.0052289145760394595,-0.0052289145760394595,-0.0052289145760394595,-0.0030147213793716822,-0.0030147213793716822,-0.0030147213793716822,-0.00021063425018772879,-0.00021063425018772879,-0.00021063425018772879,0.0,0.0,0.0,0.589290604119754
2025-05-14 23:00:00,0.5968925500352183,0.590331873870298,0.6009381993731727,0.5968925500352183,0.5968925500352183,-0.0023875339964424484,-0.0023875339964424484,-0.0023875339964424484,-0.004227222207612557,-0.004227222207612557,-0.004227222207612557,-0.0014307777302951254,-0.0014307777302951254,-0.0014307777302951254,0.006300235217728181,0.006300235217728181,0.006300235217728181,-0.004460547006558073,-0.004460547006558073,-0.004460547006558073,0.0009567562661473229,0.0009567562661473229,0.0009567562661473229,0.0,0.0,0.0,0.5960385294672489
2025-05-15 23:00:00,0.5970018483651409,0.5846650323001262,0.5958931441150682,0.5970018483651409,0.5970018483651409,-0.010993335228005708,-0.010993335228005708,-0.010993335228005708,-0.004227222207612557,-0.004227222207612557,-0.004227222207612557,-0.010741821753869186,-0.010741821753869186,-0.010741821753869186,-0.0035185503323168386,-0.0035185503323168386,-0.0035185503323168386,-0.0032475626880763124,-0.0032475626880763124,-0.0032475626880763124,0.0002515134741365225,0.0002515134741365225,0.0002515134741365225,0.0,0.0,0.0,0.5905889609232722
2025-05-18 23:00:00,0.5973297433549086,0.5860478214565705,0.5976708348085207,0.5973297433549086,0.5973297433549086,-0.009183264328865709,-0.009183264328865709,-0.009183264328865709,-0.004227222207612557,-0.004227222207612557,-0.004227222207612557,-0.010134330090800276,-0.010134330090800276,-0.010134330090800276,-0.0020956985979002623,-0.0020956985979002623,-0.0020956985979002623,-0.0028603435233528897,-0.0028603435233528897,-0.0028603435233528897,-0.0009510657619345667,-0.0009510657619345667,-0.0009510657619345667,0.0,0.0,0.0,0.591276206562697
2025-05-19 23:00:00,0.5974390416848312,0.5887709475946435,0.600631979457341,0.5974390416848312,0.5974390416848312,-0.005923009031466881,-0.005923009031466881,-0.005923009031466881,-0.004227222207612557,-0.004227222207612557,-0.004227222207612557,-0.004706450056582498,-0.004706450056582498,-0.004706450056582498,0.0009972871181230462,0.0009972871181230462,0.0009972871181230462,-0.002693073941977371,-0.002693073941977371,-0.002693073941977371,0.0012165589748843835,0.0012165589748843835,0.0012165589748843835,0.0,0.0,0.0,0.594627224673289
2025-05-20 23:00:00,0.5975483400147538,0.5902277314212554,0.6015431557750838,0.5975483400147538,0.5975483400147538,-0.002178763338638061,-0.002178763338638061,-0.002178763338638061,-0.004227222207612557,-0.004227222207612557,-0.004227222207612557,-0.002389397588827314,-0.002389397588827314,-0.002389397588827314,0.0036368276760226238,0.0036368276760226238,0.0036368276760226238,-0.0015883688070481281,-0.0015883688070481281,-0.0015883688070481281,-0.00021063425018925247,-0.00021063425018925247,-0.00021063425018925247,0.0,0.0,0.0,0.5961205594519148
2025-05-21 23:00:00,0.5978751553397915,0.5913041223490548,0.6009803674017794,0.5978751553397915,0.5978751553397915,-0.003511055765273093,-0.003511055765273093,-0.003511055765273093,-0.004227222207612557,-0.004227222207612557,-0.004227222207612557,-0.002554299499126454,-0.002554299499126454,-0.002554299499126454,-0.0004536312773878288,-0.0004536312773878288,-0.0004536312773878288,0.0011697977197272927,0.0011697977197272927,0.0011697977197272927,0.0009567562661466385,0.0009567562661466385,0.0009567562661466385,0.0,0.0,0.0,0.5963480031299669
2025-05-22 23:00:00,0.5982019706648293,0.5923808223492455,0.6040059114187072,0.5982019706648293,0.5982019706648293,-0.0012204265751858527,-0.0012204265751858527,-0.0012204265751858527,-0.004227222207612557,-0.004227222207612557,-0.004227222207612557,-0.0009689131010534161,-0.0009689131010534161,-0.0009689131010534161,0.0003723415334510625,0.0003723415334510625,0.0003723415334510625,0.0026344540989756415,0.0026344540989756415,0.0026344540989756415,0.0002515134741324362,0.0002515134741324362,0.0002515134741324362,0.0,0.0,0.0,0.5976223649383762
2025-05-25 23:00:00,0.5991824166399426,0.5885786206554674,0.6013736880267587,0.5991824166399426,0.5991824166399426,-0.005609240482285928,-0.005609240482285928,-0.005609240482285928,-0.004227222207612557,-0.004227222207612557,-0.004227222207612557,-0.006560306244217572,-0.006560306244217572,-0.006560306244217572,-0.0032086589615980456,-0.0032086589615980456,-0.0032086589615980456,0.001826640686924674,0.001826640686924674,0.001826640686924674,-0.0009510657619316426,-0.0009510657619316426,-0.0009510657619316426,0.0,0.0,0.0,0.5952515964906343
2025-05-26 23:00:00,0.5995092319649804,0.5953305852364834,0.6058742710757696,0.5995092319649804,0.5995092319649804,0.0015845416492003507,0.0015845416492003507,0.0015845416492003507,-0.004227222207612557,-0.004227222207612557,-0.004227222207612557,0.00280110062408422,0.00280110062408422,0.00280110062408422,0.007929467229310833,0.007929467229310833,0.007929467229310833,-0.002117703372497926,-0.002117703372497926,-0.002117703372497926,0.0012165589748838696,0.0012165589748838696,0.0012165589748838696,0.0,0.0,0.0,0.6011885176487818
2025-05-27 23:00:00,0.5998360473071888,0.590533475693967,0.6016317028675063,0.5998360473071888,0.5998360473071888,-0.005975688658061615,-0.005975688658061615,-0.005975688658061615,-0.004227222207612557,-0.004227222207612557,-0.004227222207612557,-0.006186322908248842,-0.006186322908248842,-0.006186322908248842,0.00010753160016547814,0.00010753160016547814,0.00010753160016547814,-0.001855998050614536,-0.001855998050614536,-0.001855998050614536,-0.00021063425018722713,-0.00021063425018722713,-0.00021063425018722713,0.0,0.0,0.0,0.5961252678265389
2025-05-28 23:00:00,0.600162862649397,0.5890265829927916,0.5995297567746961,0.600162862649397,0.600162862649397,-0.01144565129895189,-0.01144565129895189,-0.01144565129895189,-0.004227222207612557,-0.004227222207612557,-0.004227222207612557,-0.010488895032805938,-0.010488895032805938,-0.010488895032805938,-0.00408395650914145,-0.00408395650914145,-0.00408395650914145,-0.003134472582197885,-0.003134472582197885,-0.003134472582197885,0.000956756266145954,0.000956756266145954,0.000956756266145954,0.0,0.0,0.0,0.5938678173804791
2025-05-29 23:00:00,0.6004896779916052,0.5895013540301725,0.6012105186325941,0.6004896779916052,0.6004896779916052,-0.0065891784217711755,-0.0065891784217711755,-0.0065891784217711755,-0.004227222207612557,-0.004227222207612557,-0.004227222207612557,-0.00633766494763621,-0.00633766494763621,-0.00633766494763621,0.0007876545037449544,0.0007876545037449544,0.0007876545037449544,-0.003149610717903573,-0.003149610717903573,-0.003149610717903573,0.0002515134741349658,0.0002515134741349658,0.0002515134741349658,0.0,0.0,0.0,0.5966839756079805
2025-06-01 23:00:00,0.6014701242489833,0.5913062810925764,0.6033435373460245,0.6014701242489833,0.6014701242489833,-0.0049360259992187435,-0.0049360259992187435,-0.0049360259992187435,-0.004227222207612557,-0.004227222207612557,-0.004227222207612557,-0.005887091761150132,-0.005887091761150132,-0.005887091761150132,0.0015116616163204904,0.0015116616163204904,0.0015116616163204904,-0.0022204654079266773,-0.0022204654079266773,-0.0022204654079266773,-0.0009510657619313889,-0.0009510657619313889,-0.0009510657619313889,0.0,0.0,0.0,0.5979292144359392
2025-06-02 23:00:00,0.6017969396681092,0.5945591418167726,0.6069969348776271,0.6017969396681092,0.6017969396681092,-0.002356257147227317,-0.002356257147227317,-0.002356257147227317,-0.004227222207612557,-0.004227222207612557,-0.004227222207612557,-0.0011396981723435823,-0.0011396981723435823,-0.0011396981723435823,-0.0006133025489916539,-0.0006133025489916539,-0.0006133025489916539,0.002484267609376893,0.002484267609376893,0.002484267609376893,0.0012165589748837351,0.0012165589748837351,0.0012165589748837351,0.0,0.0,0.0,0.6011110727958475
2025-06-03 23:00:00,0.6021237550872353,0.5968782521819023,0.6082356855531028,0.6021237550872353,0.6021237550872353,0.0010554975953390834,0.0010554975953390834,0.0010554975953390834,-0.004227222207612557,-0.004227222207612557,-0.004227222207612557,0.0008448633451511766,0.0008448633451511766,0.0008448633451511766,0.006192160899630706,0.006192160899630706,0.006192160899630706,-0.0009094410966790663,-0.0009094410966790663,-0.0009094410966790663,-0.0002106342501879073,-0.0002106342501879073,-0.0002106342501879073,0.0,0.0,0.0,0.6026324673771533
2025-06-04 23:00:00,0.6024505705063612,0.5926837014205861,0.60310165950636,0.6024505705063612,0.6024505705063612,-0.00847440862790836,-0.00847440862790836,-0.00847440862790836,-0.004227222207612557,-0.004227222207612557,-0.004227222207612557,-0.0075176523617630905,-0.0075176523617630905,-0.0075176523617630905,-0.003645187255711692,-0.003645187255711692,-0.003645187255711692,-0.0006019991645841114,-0.0006019991645841114,-0.0006019991645841114,0.0009567562661452695,0.0009567562661452695,0.0009567562661452695,0.0,0.0,0.0,0.5979215565521485
2025-06-05 23:00:00,0.6027772324388982,0.5941811975015844,0.6055238396092467,0.6027772324388982,0.6027772324388982,-0.0032193463758783706,-0.0032193463758783706,-0.0032193463758783706,-0.004227222207612557,-0.004227222207612557,-0.004227222207612557,-0.002967832901747491,-0.002967832901747491,-0.002967832901747491,0.0016472731294511545,0.0016472731294511545,0.0016472731294511545,-0.0006393972977169685,-0.0006393972977169685,-0.0006393972977169685,0.0002515134741308794,0.0002515134741308794,0.0002515134741308794,0.0,0.0,0.0,0.6009882903360417
2025-06-08 23:00:00,0.6037572182365094,0.5955431305697116,0.6073099240189545,0.6037572182365094,0.6037572182365094,-0.0037420865050752043,-0.0037420865050752043,-0.0037420865050752043,-0.004227222207612557,-0.004227222207612557,-0.004227222207612557,-0.00469315226700634,-0.00469315226700634,-0.00469315226700634,0.0011040077179706766,0.0011040077179706766,0.0011040077179706766,-0.0006188720154333241,-0.0006188720154333241,-0.0006188720154333241,-0.0009510657619311352,-0.0009510657619311352,-0.0009510657619311352,0.0,0.0,0.0,0.6009236936790212
2025-06-09 23:00:00,0.6040838801690465,0.5959435192543969,0.6059346461033568,0.6040838801690465,0.6040838801690465,-0.006819771322700616,-0.006819771322700616,-0.006819771322700616,-0.004227222207612557,-0.004227222207612557,-0.004227222207612557,-0.0056032123478160206,-0.0056032123478160206,-0.0056032123478160206,-0.0016636640413884485,-0.0016636640413884485,-0.0016636640413884485,-0.0009288850736996104,-0.0009288850736996104,-0.0009288850736996104,0.0012165589748845949,0.0012165589748845949,0.0012165589748845949,0.0,0.0,0.0,0.6006990699125666
2025-06-10 23:00:00,0.6041391110690155,0.5993193948857021,0.6102601115249203,0.6041391110690155,0.6041391110690155,-0.0002869287394765361,-0.0002869287394765361,-0.0002869287394765361,-0.004227222207612557,-0.004227222207612557,-0.004227222207612557,-0.0004975629896641917,-0.0004975629896641917,-0.0004975629896641917,0.002095472121247571,0.002095472121247571,0.002095472121247571,0.0018448213468884493,0.0018448213468884493,0.0018448213468884493,-0.00021063425018765642,-0.00021063425018765642,-0.00021063425018765642,0.0,0.0,0.0,0.6038385138067389
2025-06-11 23:00:00,0.6041943419689847,0.5999101384262898,0.6108477488272235,0.6041943419689847,0.6041943419689847,0.00034929576909754206,0.00034929576909754206,0.00034929576909754206,-0.004227222207612557,-0.004227222207612557,-0.004227222207612557,0.001306052035245823,0.001306052035245823,0.001306052035245823,0.0005398146506936887,0.0005398146506936887,0.0005398146506936887,0.00403670332601641,0.00403670332601641,0.00403670332601641,0.0009567562661482799,0.0009567562661482799,0.0009567562661482799,0.0,0.0,0.0,0.6049834512189973
2025-06-12 23:00:00,0.6042495728689538,0.5966014542524839,0.6072908335457937,0.6042495728689538,0.6042495728689538,-0.0029212243713256304,-0.0029212243713256304,-0.0029212243713256304,-0.004227222207612557,-0.004227222207612557,-0.004227222207612557,-0.0026697108971890705,-0.0026697108971890705,-0.0026697108971890705,-0.0020280414193272096,-0.0020280414193272096,-0.0020280414193272096,0.0033340392556141358,0.0033340392556141358,0.0033340392556141358,0.00025151347413656,0.00025151347413656,0.00025151347413656,0.0,0.0,0.0,0.6026364011996437
2025-06-15 23:00:00,0.604415265568861,0.5991130921185297,0.6098577592768029,0.604415265568861,0.604415265568861,0.0008453055138524885,0.0008453055138524885,0.0008453055138524885,-0.004227222207612557,-0.004227222207612557,-0.004227222207612557,-0.00010576024807839235,-0.00010576024807839235,-0.00010576024807839235,0.002251919862215788,0.002251919862215788,0.002251919862215788,0.002820607859249257,0.002820607859249257,0.002820607859249257,-0.0009510657619308815,-0.0009510657619308815,-0.0009510657619308815,0.0,0.0,0.0,0.6043513424604321
2025-06-16 23:00:00,0.6044704659702159,0.5969880982019994,0.6074206159061868,0.6044704659702159,0.6044704659702159,-0.004120656797187769,-0.004120656797187769,-0.004120656797187769,-0.004227222207612557,-0.004227222207612557,-0.004227222207612557,-0.0029040978223033092,-0.0029040978223033092,-0.0029040978223033092,-0.0023349417404602063,-0.0023349417404602063,-0.0023349417404602063,0.0024415071508849936,0.0024415071508849936,0.0024415071508849936,0.0012165589748844602,0.0012165589748844602,0.0012165589748844602,0.0,0.0,0.0,0.6027150246063452
2025-06-17 23:00:00,0.6045256663715709,0.599041736240334,0.6095464491872503,0.6045256663715709,0.6045256663715709,-0.0005511913603102867,-0.0005511913603102867,-0.0005511913603102867,-0.004227222207612557,-0.004227222207612557,-0.004227222207612557,-0.0007618256104994668,-0.0007618256104994668,-0.0007618256104994668,0.0007080537543163862,0.0007080537543163862,0.0007080537543163862,0.0029679770929858834,0.0029679770929858834,0.0029679770929858834,-0.00021063425018918032,-0.00021063425018918032,-0.00021063425018918032,0.0,0.0,0.0,0.6040651232367248
2025-06-18 23:00:00,0.6045808667729259,0.5967837237002429,0.6086132938401075,0.6045808667729259,0.6045808667729259,-0.004377941740556075,-0.004377941740556075,-0.004377941740556075,-0.004227222207612557,-0.004227222207612557,-0.004227222207612557,-0.0034211854744121725,-0.0034211854744121725,-0.0034211854744121725,-0.0026438985475199825,-0.0026438985475199825,-0.0026438985475199825,0.0024931790145764654,0.0024931790145764654,0.0024931790145764654,0.0009567562661439003,0.0009567562661439003,0.0009567562661439003,0.0,0.0,0.0,0.6025124834934148
2025-06-19 23:00:00,0.6046360671742809,0.5993748902767988,0.6112878987499081,0.6046360671742809,0.6046360671742809,-0.0009420837048408179,-0.0009420837048408179,-0.0009420837048408179,-0.004227222207612557,-0.004227222207612557,-0.004227222207612557,-0.0006905702307017283,-0.0006905702307017283,-0.0006905702307017283,0.0007044237365436419,0.0007044237365436419,0.0007044237365436419,0.0025807147662280966,0.0025807147662280966,0.0025807147662280966,0.0002515134741390895,0.0002515134741390895,0.0002515134741390895,0.0,0.0,0.0,0.6042185235058817
2025-06-22 23:00:00,0.6048016681540633,0.5977284906796433,0.608566822938915,0.6048016681540633,0.6048016681540633,-0.0034038238821798446,-0.0034038238821798446,-0.0034038238821798446,-0.004227222207612557,-0.004227222207612557,-0.004227222207612557,-0.0043548896441078025,-0.0043548896441078025,-0.0043548896441078025,-0.002557240109461545,-0.002557240109461545,-0.002557240109461545,0.0033806384348942565,0.0033806384348942565,0.0033806384348942565,-0.0009510657619279576,-0.0009510657619279576,-0.0009510657619279576,0.0,0.0,0.0,0.6021678236326801
2025-06-23 23:00:00,0.6048568684806575,0.597720503127239,0.6085591342556113,0.6048568684806575,0.6048568684806575,-0.0047469350609095715,-0.0047469350609095715,-0.0047469350609095715,-0.004227222207612557,-0.004227222207612557,-0.004227222207612557,-0.0035303760860247494,-0.0035303760860247494,-0.0035303760860247494,-0.0034142378234218508,-0.0034142378234218508,-0.0034142378234218508,0.002894524970124835,0.002894524970124835,0.002894524970124835,0.0012165589748848228,0.0012165589748848228,0.0012165589748848228,0.0,0.0,0.0,0.6027214962567055
2025-06-24 23:00:00,0.6049120688072516,0.5982864333253475,0.610236898502297,0.6049120688072516,0.6049120688072516,-3.2331776856677104e-05,-3.2331776856677104e-05,-3.2331776856677104e-05,-0.004227222207612557,-0.004227222207612557,-0.004227222207612557,-0.00024296602704738132,-0.00024296602704738132,-0.00024296602704738132,0.0026790567631486033,0.0026790567631486033,0.0026790567631486033,0.0015158336676072762,0.0015158336676072762,0.0015158336676072762,-0.0002106342501907041,-0.0002106342501907041,-0.0002106342501907041,0.0,0.0,0.0,0.6047650957251804
2025-06-25 23:00:00,0.6049672689950892,0.5987381339660509,0.6083427666599223,0.6049672689950892,0.6049672689950892,-0.0014642349069944056,-0.0014642349069944056,-0.0014642349069944056,-0.004227222207612557,-0.004227222207612557,-0.004227222207612557,-0.0005074786408483568,-0.0005074786408483568,-0.0005074786408483568,0.0011980388155443367,0.0011980388155443367,0.0011980388155443367,0.0015649484850738143,0.0015649484850738143,0.0015649484850738143,0.0009567562661460484,0.0009567562661460484,0.0009567562661460484,0.0,0.0,0.0,0.6046602610276619
2025-06-26 23:00:00,0.6050224691829268,0.5989117850072606,0.611197959700352,0.6050224691829268,0.6050224691829268,-0.0002447835493299811,-0.0002447835493299811,-0.0002447835493299811,-0.004227222207612557,-0.004227222207612557,-0.004227222207612557,6.729924809905491e-06,6.729924809905491e-06,6.729924809905491e-06,0.003609227777189282,0.003609227777189282,0.003609227777189282,0.00037321088109329334,0.00037321088109329334,0.00037321088109329334,0.00025151347413988656,0.00025151347413988656,0.00025151347413988656,0.0,0.0,0.0,0.6050265409386527
2025-06-29 23:00:00,0.6051880697464397,0.5969562065539986,0.6089758882802638,0.6051880697464397,0.6051880697464397,-0.002849745824361166,-0.002849745824361166,-0.002849745824361166,-0.004227222207612557,-0.004227222207612557,-0.004227222207612557,-0.0038008115862962853,-0.0038008115862962853,-0.0038008115862962853,0.0001102599501691657,0.0001102599501691657,0.0001102599501691657,0.0012672164330822255,0.0012672164330822255,0.0012672164330822255,-0.0009510657619351192,-0.0009510657619351192,-0.0009510657619351192,0.0,0.0,0.0,0.6028878639190591
2025-06-30 23:00:00,0.6052432699342774,0.6004861800077796,0.6119315547233728,0.6052432699342774,0.6052432699342774,-5.521718946758635e-05,-5.521718946758635e-05,-5.521718946758635e-05,-0.004227222207612557,-0.004227222207612557,-0.004227222207612557,0.0011613417854162253,0.0011613417854162253,0.0011613417854162253,0.0002701379833045865,0.0002701379833045865,0.0002701379833045865,0.003901867034840384,0.003901867034840384,0.003901867034840384,0.0012165589748838117,0.0012165589748838117,0.0012165589748838117,0.0,0.0,0.0,0.605946164233994
2025-07-01 23:00:00,0.6049621713029845,0.6010504108714726,0.6103821823782665,0.6049621713029845,0.6049621713029845,0.0020537239309744997,0.0020537239309744997,0.0020537239309744997,-0.004227222207612557,-0.004227222207612557,-0.004227222207612557,0.001843089680785821,0.001843089680785821,0.001843089680785821,0.0022250553356932593,0.0022250553356932593,0.0022250553356932593,0.004055890802893797,0.004055890802893797,0.004055890802893797,-0.00021063425018867882,-0.00021063425018867882,-0.00021063425018867882,0.0,0.0,0.0,0.6060771708381787
2025-07-02 23:00:00,0.6046810726716917,0.5993133163388983,0.6114498237352578,0.6046810726716917,0.6046810726716917,0.0002497862511105487,0.0002497862511105487,0.0002497862511105487,-0.004227222207612557,-0.004227222207612557,-0.004227222207612557,0.0012065425172559131,0.0012065425172559131,0.0012065425172559131,0.0005507379225168782,0.0005507379225168782,0.0005507379225168782,0.003926270536206227,0.003926270536206227,0.003926270536206227,0.0009567562661453639,0.0009567562661453639,0.0009567562661453639,0.0,0.0,0.0,0.60541064609525
2025-07-03 23:00:00,0.6043999740403988,0.5981516258476375,0.6103726540733038,0.6043999740403988,0.6043999740403988,-0.0006817568827689685,-0.0006817568827689685,-0.0006817568827689685,-0.004227222207612557,-0.004227222207612557,-0.004227222207612557,-0.0004302434086331684,-0.0004302434086331684,-0.0004302434086331684,-0.0010941677010552122,-0.0010941677010552122,-0.0010941677010552122,0.0046396330258988,0.0046396330258988,0.0046396330258988,0.00025151347413580026,0.00025151347413580026,0.00025151347413580026,0.0,0.0,0.0,0.6041399349353899
2025-07-06 23:00:00,0.6035566781465203,0.5963132873158951,0.6075749834374528,0.6035566781465203,0.6035566781465203,-0.0008269478192465029,-0.0008269478192465029,-0.0008269478192465029,-0.004227222207612557,-0.004227222207612557,-0.004227222207612557,-0.0017780135811786973,-0.0017780135811786973,-0.0017780135811786973,-0.0009202742230565541,-0.0009202742230565541,-0.0009202742230565541,0.004320548611422608,0.004320548611422608,0.004320548611422608,-0.0009510657619321951,-0.0009510657619321951,-0.0009510657619321951,0.0,0.0,0.0,0.6024835461757646
2025-07-07 23:00:00,0.6032755795152274,0.5965034484662597,0.6075961563969109,0.6032755795152274,0.6032755795152274,-0.0035058971295298287,-0.0035058971295298287,-0.0035058971295298287,-0.004227222207612557,-0.004227222207612557,-0.004227222207612557,-0.002289338154645654,-0.002289338154645654,-0.002289338154645654,-0.0025529756575125807,-0.0025529756575125807,-0.0025529756575125807,0.0032743007355953086,0.0032743007355953086,0.0032743007355953086,0.0012165589748841742,0.0012165589748841742,0.0012165589748841742,0.0,0.0,0.0,0.6018944777132772
2025-07-08 23:00:00,0.6029944808839345,0.5931311275151714,0.6065378928020028,0.6029944808839345,0.6029944808839345,-0.00438899500577646,-0.00438899500577646,-0.00438899500577646,-0.004227222207612557,-0.004227222207612557,-0.004227222207612557,-0.004599629255966661,-0.004599629255966661,-0.004599629255966661,-0.0037799835681244726,-0.0037799835681244726,-0.0037799835681244726,0.0036182107699605703,0.0036182107699605703,0.0036182107699605703,-0.00021063425019020272,-0.00021063425019020272,-0.00021063425019020272,0.0,0.0,0.0,0.6002209298284743
2025-07-09 23:00:00,0.6027133822526417,0.5972334334271603,0.6098895998961611,0.6027133822526417,0.6027133822526417,-0.0009756529320484701,-0.0009756529320484701,-0.0009756529320484701,-0.004227222207612557,-0.004227222207612557,-0.004227222207612557,-1.889666590379046e-05,-1.889666590379046e-05,-1.889666590379046e-05,-0.0013463571870455972,-0.0013463571870455972,-0.0013463571870455972,0.004597926462609684,0.004597926462609684,0.004597926462609684,0.0009567562661446792,0.0009567562661446792,0.0009567562661446792,0.0,0.0,0.0,0.6027019929792216
2025-07-10 23:00:00,0.6024322836213488,0.5972958884273679,0.6075950800645398,0.6024322836213488,0.6024322836213488,-0.00011465171247842599,-0.00011465171247842599,-0.00011465171247842599,-0.004227222207612557,-0.004227222207612557,-0.004227222207612557,0.0001368617616581717,0.0001368617616581717,0.0001368617616581717,0.00025958713427970246,0.00025958713427970246,0.00025958713427970246,0.0038529833608544283,0.0038529833608544283,0.0038529833608544283,0.00025151347413659747,0.00025151347413659747,0.00025151347413659747,0.0,0.0,0.0,0.602514733564965
2025-07-13 23:00:00,0.6015889877274703,0.5934162685587347,0.6062714954433361,0.6015889877274703,0.6015889877274703,0.0003386756224263666,0.0003386756224263666,0.0003386756224263666,-0.004227222207612557,-0.004227222207612557,-0.004227222207612557,-0.0006123901395082448,-0.0006123901395082448,-0.0006123901395082448,0.0035086227193484166,0.0035086227193484166,0.0035086227193484166,0.0010572751106905066,0.0010572751106905066,0.0010572751106905066,-0.0009510657619346118,-0.0009510657619346118,-0.0009510657619346118,0.0,0.0,0.0,0.6012205805633493
2025-07-14 23:00:00,0.6013078890961775,0.5922140696811133,0.6038962906876004,0.6013078890961775,0.6013078890961775,-0.006427721954135988,-0.006427721954135988,-0.006427721954135988,-0.004227222207612557,-0.004227222207612557,-0.004227222207612557,-0.005211162979251948,-0.005211162979251948,-0.005211162979251948,-0.0030646472586966086,-0.0030646472586966086,-0.0030646472586966086,0.0008641475121731771,0.0008641475121731771,0.0008641475121731771,0.0012165589748840398,0.0012165589748840398,0.0012165589748840398,0.0,0.0,0.0,0.5981743756853873
2025-07-15 23:00:00,0.6010267904648846,0.5921772789050355,0.6029818321861425,0.6010267904648846,0.6010267904648846,-0.006116648036849679,-0.006116648036849679,-0.006116648036849679,-0.004227222207612557,-0.004227222207612557,-0.004227222207612557,-0.006327282287039631,-0.006327282287039631,-0.006327282287039631,-0.0030990358341449575,-0.0030990358341449575,-0.0030990358341449575,0.0012096100049078355,0.0012096100049078355,0.0012096100049078355,-0.00021063425018995183,-0.00021063425018995183,-0.00021063425018995183,0.0,0.0,0.0,0.5972239242995399
2025-07-16 23:00:00,0.6007456918335917,0.5919757005347335,0.6022983710013456,0.6007456918335917,0.6007456918335917,-0.0046992532260598345,-0.0046992532260598345,-0.0046992532260598345,-0.004227222207612557,-0.004227222207612557,-0.004227222207612557,-0.0037424969599167014,-0.0037424969599167014,-0.0037424969599167014,-0.0016399918454450206,-0.0016399918454450206,-0.0016399918454450206,0.0011679608269977426,0.0011679608269977426,0.0011679608269977426,0.0009567562661431322,0.0009567562661431322,0.0009567562661431322,0.0,0.0,0.0,0.5984974029082215
2025-07-17 23:00:00,0.6004645932022988,0.5924011573698653,0.6034249505807019,0.6004645932022988,0.6004645932022988,-0.0037818197433143125,-0.0037818197433143125,-0.0037818197433143125,-0.004227222207612557,-0.004227222207612557,-0.004227222207612557,-0.0035303062691818014,-0.0035303062691818014,-0.0035303062691818014,-0.0008610608017178791,-0.0008610608017178791,-0.0008610608017178791,0.001306463266016123,0.001306463266016123,0.001306463266016123,0.0002515134741325111,0.0002515134741325111,0.0002515134741325111,0.0,0.0,0.0,0.5983447692844951
2025-07-20 23:00:00,0.5996212973084203,0.5925258553234884,0.6054654437755131,0.5996212973084203,0.5996212973084203,-5.0319443578205475e-05,-5.0319443578205475e-05,-5.0319443578205475e-05,-0.004227222207612557,-0.004227222207612557,-0.004227222207612557,-0.0010013852055098934,-0.0010013852055098934,-0.0010013852055098934,-0.00028290695688499147,-0.00028290695688499147,-0.00028290695688499147,0.004459809720919343,0.004459809720919343,0.004459809720919343,-0.000951065761931688,-0.000951065761931688,-0.000951065761931688,0.0,0.0,0.0,0.599020845412387
2025-07-21 23:00:00,0.5993401986771275,0.5941095808472882,0.6059899506733284,0.5993401986771275,0.5993401986771275,0.0005379118737113956,0.0005379118737113956,0.0005379118737113956,-0.004227222207612557,-0.004227222207612557,-0.004227222207612557,0.001754470848595798,0.001754470848595798,0.001754470848595798,0.0005759512086475222,0.0005759512086475222,0.0005759512086475222,0.00418918287267643,0.00418918287267643,0.00418918287267643,0.0012165589748844023,0.0012165589748844023,0.0012165589748844023,0.0,0.0,0.0,0.6003917235840981
2025-07-22 23:00:00,0.5990591000458346,0.594580124131499,0.6040487116280341,0.5990591000458346,0.5990591000458346,0.0017813621761522238,0.0017813621761522238,0.0017813621761522238,-0.004227222207612557,-0.004227222207612557,-0.004227222207612557,0.0015707279259633668,0.0015707279259633668,0.0015707279259633668,0.0012824012079878603,0.0012824012079878603,0.0012824012079878603,0.00472618317577692,0.00472618317577692,0.00472618317577692,-0.0002106342501888574,-0.0002106342501888574,-0.0002106342501888574,0.0,0.0,0.0,0.6000000589035791
2025-07-23 23:00:00,0.5987780014145417,0.5949499826051342,0.6074531149178631,0.5987780014145417,0.5987780014145417,0.0026154572529824838,0.0026154572529824838,0.0026154572529824838,-0.004227222207612557,-0.004227222207612557,-0.004227222207612557,0.0035722135191249317,0.0035722135191249317,0.0035722135191249317,0.0024382141673772095,0.0024382141673772095,0.0024382141673772095,0.004404465293217831,0.004404465293217831,0.004404465293217831,0.0009567562661424477,0.0009567562661424477,0.0009567562661424477,0.0,0.0,0.0,0.6009169642861494
2025-07-24 23:00:00,0.5984969027832489,0.595013399940142,0.6056948931071254,0.5984969027832489,0.5984969027832489,0.0033380845321714764,0.0033380845321714764,0.0033380845321714764,-0.004227222207612557,-0.004227222207612557,-0.004227222207612557,0.003589598006309668,0.003589598006309668,0.003589598006309668,0.0038798998020933726,0.0038798998020933726,0.0038798998020933726,0.0036854069376906604,0.0036854069376906604,0.0036854069376906604,0.0002515134741381916,0.0002515134741381916,0.0002515134741381916,0.0,0.0,0.0,0.6006452660722621
2025-07-27 23:00:00,0.5976536068893703,0.5914207431368748,0.601679881103991,0.5976536068893703,0.5976536068893703,-0.00210243974108528,-0.00210243974108528,-0.00210243974108528,-0.004227222207612557,-0.004227222207612557,-0.004227222207612557,-0.0030535055030214593,-0.0030535055030214593,-0.0030535055030214593,-0.0010432704398330417,-0.0010432704398330417,-0.0010432704398330417,0.0031680529063603186,0.0031680529063603186,0.0031680529063603186,-0.0009510657619361792,-0.0009510657619361792,-0.0009510657619361792,0.0,0.0,0.0,0.595828668311833
2025-07-28 23:00:00,0.5973725082580775,0.5900613637172345,0.6040196134611225,0.5973725082580775,0.5973725082580775,-0.003709240633351496,-0.003709240633351496,-0.003709240633351496,-0.004227222207612557,-0.004227222207612557,-0.004227222207612557,-0.002492681658467228,-0.002492681658467228,-0.002492681658467228,-0.001641066686799977,-0.001641066686799977,-0.001641066686799977,0.0021590482610610376,0.0021590482610610376,0.0021590482610610376,0.001216558974884268,0.001216558974884268,0.001216558974884268,0.0,0.0,0.0,0.59588344876347
2025-07-29 23:00:00,0.5970914096267846,0.5871514227109964,0.5974282957716577,0.5970914096267846,0.5970914096267846,-0.00820217473438175,-0.00820217473438175,-0.00820217473438175,-0.004227222207612557,-0.004227222207612557,-0.004227222207612557,-0.008412808984570355,-0.008412808984570355,-0.008412808984570355,-0.004136309989159529,-0.004136309989159529,-0.004136309989159529,0.00016135746239033467,0.00016135746239033467,0.00016135746239033467,-0.00021063425018860645,-0.00021063425018860645,-0.00021063425018860645,0.0,0.0,0.0,0.5920681936512667
2025-07-30 23:00:00,0.5968103109954919,0.5874585818480924,0.5994539311859538,0.5968103109954919,0.5968103109954919,-0.00501728693899026,-0.00501728693899026,-0.00501728693899026,-0.004227222207612557,-0.004227222207612557,-0.004227222207612557,-0.004060530672848497,-0.004060530672848497,-0.004060530672848497,-0.0016129515736232269,-0.0016129515736232269,-0.0016129515736232269,0.000822886842245523,0.000822886842245523,0.000822886842245523,0.0009567562661417633,0.0009567562661417633,0.0009567562661417633,0.0,0.0,0.0,0.5943869444218224
2025-07-31 23:00:00,0.596529212364199,0.5891780685643067,0.5997692160603786,0.596529212364199,0.596529212364199,-0.004402081531414474,-0.004402081531414474,-0.004402081531414474,-0.004227222207612557,-0.004227222207612557,-0.004227222207612557,-0.004150568057280368,-0.004150568057280368,-0.004150568057280368,-0.004138285764608984,-0.004138285764608984,-0.004138285764608984,0.003963426440807067,0.003963426440807067,0.003963426440807067,0.0002515134741341052,0.0002515134741341052,0.0002515134741341052,0.0,0.0,0.0,0.5940532772701255
2025-08-01 23:00:00,0.5962481137329061,0.5895167429945408,0.6001280996917047,0.5962481137329061,0.5962481137329061,-0.0017073920688233336,-0.0017073920688233336,-0.0017073920688233336,-0.004227222207612557,-0.004227222207612557,-0.004227222207612557,-0.002236768735197678,-0.002236768735197678,-0.002236768735197678,-0.0017756156056688147,-0.0017756156056688147,-0.0017756156056688147,0.004295445744458038,0.004295445744458038,0.004295445744458038,-0.0005293766663743449,-0.0005293766663743449,-0.0005293766663743449,0.0,0.0,0.0,0.5949144445936878
2025-08-02 23:00:00,0.5959670151016133,0.5887393767064311,0.6005699977581114,0.5959121901511415,0.596007228456409,-0.00048364992095110753,-0.00048364992095110753,-0.00048364992095110753,-0.004227222207612557,-0.004227222207612557,-0.004227222207612557,-0.0012174019576217487,-0.0012174019576217487,-0.0012174019576217487,0.0020447792266792956,0.0020447792266792956,0.0020447792266792956,0.0016987930599821534,0.0016987930599821534,0.0016987930599821534,-0.0007337520366706411,-0.0007337520366706411,-0.0007337520366706411,0.0,0.0,0.0,0.5952414836907506
2025-08-03 23:00:00,0.5956859164703204,0.587470514519369,0.6012439319305529,0.5955336830016132,0.595800953060906,-0.0019366714084227384,-0.0019366714084227384,-0.0019366714084227384,-0.004227222207612557,-0.004227222207612557,-0.004227222207612557,-0.0028877371703586634,-0.0028877371703586634,-0.0028877371703586634,9.224504719302336e-05,9.224504719302336e-05,9.224504719302336e-05,0.002198305751996795,0.002198305751996795,0.002198305751996795,-0.0009510657619359253,-0.0009510657619359253,-0.0009510657619359253,0.0,0.0,0.0,0.59396573210747
2025-08-04 23:00:00,0.5954048178390275,0.5897634093533345,0.600159584800649,0.5951620863727722,0.5956330887905013,-0.002793854445987961,-0.002793854445987961,-0.002793854445987961,-0.004227222207612557,-0.004227222207612557,-0.004227222207612557,-0.001577295471102834,-0.001577295471102834,-0.001577295471102834,-0.0008058258183385227,-0.0008058258183385227,-0.0008058258183385227,0.002239193579963118,0.002239193579963118,0.002239193579963118,0.0012165589748851274,0.0012165589748851274,0.0012165589748851274,0.0,0.0,0.0,0.5944656885163773
2025-08-05 23:00:00,0.5951237192077348,0.5899812651002335,0.6012317116492288,0.5947063843906389,0.5954691133065069,0.0010550245227005021,0.0010550245227005021,0.0010550245227005021,-0.004227222207612557,-0.004227222207612557,-0.004227222207612557,0.0008443902725103719,0.0008443902725103719,0.0008443902725103719,0.0014977530937033247,0.0014977530937033247,0.0014977530937033247,0.003784493636609734,0.003784493636609734,0.003784493636609734,-0.0002106342501901304,-0.0002106342501901304,-0.0002106342501901304,0.0,0.0,0.0,0.595626235887174
2025-08-06 23:00:00,0.5948426205764419,0.5916808334379137,0.6024308450709809,0.5942749000480241,0.5954649402166273,0.002812033085221165,0.002812033085221165,0.002812033085221165,-0.004227222207612557,-0.004227222207612557,-0.004227222207612557,0.003768789351365939,0.003768789351365939,0.003768789351365939,0.003407859473103531,0.003407859473103531,0.003407859473103531,0.0036313958197301908,0.0036313958197301908,0.0036313958197301908,0.0009567562661447738,0.0009567562661447738,0.0009567562661447738,0.0,0.0,0.0,0.5970844571106091
2025-08-07 23:00:00,0.594561521945149,0.5866291573659486,0.5987858009792623,0.5938267502091182,0.5953345181237155,-0.0034249881181242694,-0.0034249881181242694,-0.0034249881181242694,-0.004227222207612557,-0.004227222207612557,-0.004227222207612557,-0.003173474643987635,-0.003173474643987635,-0.003173474643987635,-0.0019129431322417797,-0.0019129431322417797,-0.0019129431322417797,0.0027151772217300666,0.0027151772217300666,0.0027151772217300666,0.0002515134741366349,0.0002515134741366349,0.0002515134741366349,0.0,0.0,0.0,0.5926746960309653
2025-08-08 23:00:00,0.5942804233138561,0.5867282430521406,0.5986397051461908,0.5933576364769072,0.5951604211514623,-0.0026032186109777237,-0.0026032186109777237,-0.0026032186109777237,-0.004227222207612557,-0.004227222207612557,-0.004227222207612557,-0.003132595277348977,-0.003132595277348977,-0.003132595277348977,-0.0008965145355797895,-0.0008965145355797895,-0.0008965145355797895,0.0025205181322146227,0.0025205181322146227,0.0025205181322146227,-0.0005293766663712531,-0.0005293766663712531,-0.0005293766663712531,0.0,0.0,0.0,0.5924187832663622
2025-08-09 23:00:00,0.5939993246825633,0.5870471861716723,0.5996840531254543,0.5927852053181123,0.5950161411379358,-0.0002634045119967038,-0.0002634045119967038,-0.0002634045119967038,-0.004227222207612557,-0.004227222207612557,-0.004227222207612557,-0.000997156548666312,-0.000997156548666312,-0.000997156548666312,0.0013278401394118927,0.0013278401394118927,0.0013278401394118927,0.00263597755620396,0.00263597755620396,0.00263597755620396,-0.000733752036669608,-0.000733752036669608,-0.000733752036669608,0.0,0.0,0.0,0.5934070143660528
2025-08-10 23:00:00,0.5937182260512704,0.5887228905902415,0.5992632073053469,0.592294132154356,0.5949756804334037,0.0001534754935070986,0.0001534754935070986,0.0001534754935070986,-0.004227222207612557,-0.004227222207612557,-0.004227222207612557,-0.0007975902684285736,-0.0007975902684285736,-0.0007975902684285736,0.0018242479532482607,0.0018242479532482607,0.0018242479532482607,0.0025564497478713943,0.0025564497478713943,0.0025564497478713943,-0.0009510657619356719,-0.0009510657619356719,-0.0009510657619356719,0.0,0.0,0.0,0.5932446821719832
2025-08-11 23:00:00,0.5934371274199776,0.5838978280866802,0.5946374304796957,0.5917710075322871,0.5949816947081992,-0.008401799996316526,-0.008401799996316526,-0.008401799996316526,-0.004227222207612557,-0.004227222207612557,-0.004227222207612557,-0.007185241021431534,-0.007185241021431534,-0.007185241021431534,-0.005220776221050327,-0.005220776221050327,-0.005220776221050327,0.0010461984323463587,0.0010461984323463587,0.0010461984323463587,0.001216558974884993,0.001216558974884993,0.001216558974884993,0.0,0.0,0.0,0.589173138628399
2025-08-12 23:00:00,0.5931560287886847,0.5856024862996712,0.5985168403431466,0.5911860782428638,0.5949849523358827,-0.0026980878937032226,-0.0026980878937032226,-0.0026980878937032226,-0.004227222207612557,-0.004227222207612557,-0.004227222207612557,-0.0029087221438904836,-0.0029087221438904836,-0.0029087221438904836,0.0004949843848053401,0.0004949843848053401,0.0004949843848053401,0.0010341499291039943,0.0010341499291039943,0.0010341499291039943,-0.00021063425018726133,-0.00021063425018726133,-0.00021063425018726133,0.0,0.0,0.0,0.5914307027129649
2025-08-13 23:00:00,0.5928749301573919,0.5855399268984091,0.5975004526018202,0.5906715314833694,0.595231728084318,-0.003734010157898923,-0.003734010157898923,-0.003734010157898923,-0.004227222207612557,-0.004227222207612557,-0.004227222207612557,-0.002777253891751138,-0.002777253891751138,-0.002777253891751138,-0.0005584292440692085,-0.0005584292440692085,-0.0005584292440692085,0.001051641293782842,0.001051641293782842,0.001051641293782842,0.0009567562661477842,0.0009567562661477842,0.0009567562661477842,0.0,0.0,0.0,0.5912283659502906
2025-08-14 23:00:00,0.5925938315260991,0.5828385284969299,0.5951668476491094,0.5900177420674386,0.5952465409847658,-0.005355528601042275,-0.005355528601042275,-0.005355528601042275,-0.004227222207612557,-0.004227222207612557,-0.004227222207612557,-0.0051040151269048425,-0.0051040151269048425,-0.0051040151269048425,-0.0023783986950335514,-0.0023783986950335514,-0.0023783986950335514,0.0012500923016038332,0.0012500923016038332,0.0012500923016038332,0.000251513474137432,0.000251513474137432,0.000251513474137432,0.0,0.0,0.0,0.5895692236458794
2025-08-15 23:00:00,0.5923127328948062,0.5805200190603629,0.5927895096185721,0.5892217595447761,0.5953547446307844,-0.0093777956272078,-0.0093777956272078,-0.0093777956272078,-0.004227222207612557,-0.004227222207612557,-0.004227222207612557,-0.009907172293586172,-0.009907172293586172,-0.009907172293586172,-0.006115142106517965,-0.006115142106517965,-0.006115142106517965,0.0009645686869227208,0.0009645686869227208,0.0009645686869227208,-0.0005293766663783707,-0.0005293766663783707,-0.0005293766663783707,0.0,0.0,0.0,0.5864445885983325
2025-08-16 23:00:00,0.5920316342635134,0.5838746201148053,0.5958465494843634,0.5886641570087929,0.5953987707813534,-0.0033346415795552278,-0.0033346415795552278,-0.0033346415795552278,-0.004227222207612557,-0.004227222207612557,-0.004227222207612557,-0.004068393616223802,-0.004068393616223802,-0.004068393616223802,-0.000657538202154386,-0.000657538202154386,-0.000657538202154386,0.0015501188302117152,0.0015501188302117152,0.0015501188302117152,-0.0007337520366685747,-0.0007337520366685747,-0.0007337520366685747,0.0,0.0,0.0,0.5896230165420732
2025-08-17 23:00:00,0.5917505356322205,0.5834815332366147,0.5958875488916581,0.5881085913642383,0.5954200039404763,-0.001071469005899886,-0.001071469005899886,-0.001071469005899886,-0.004227222207612557,-0.004227222207612557,-0.004227222207612557,-0.0020225347678326333,-0.0020225347678326333,-0.0020225347678326333,0.003600949482480733,0.003600949482480733,0.003600949482480733,-0.0004451962807680623,-0.0004451962807680623,-0.0004451962807680623,-0.0009510657619327477,-0.0009510657619327477,-0.0009510657619327477,0.0,0.0,0.0,0.5905536996000207
2025-08-18 23:00:00,0.5914694370009277,0.5828798520529334,0.59693050658259,0.5875530257196838,0.5955219262385985,-0.006179505158382468,-0.006179505158382468,-0.006179505158382468,-0.004227222207612557,-0.004227222207612557,-0.004227222207612557,-0.004962946183498486,-0.004962946183498486,-0.004962946183498486,-0.001548523690325847,-0.001548523690325847,-0.001548523690325847,-0.00040375926044406406,-0.00040375926044406406,-0.00040375926044406406,0.0012165589748839817,0.0012165589748839817,0.0012165589748839817,0.0,0.0,0.0,0.588534006015908
2025-08-19 23:00:00,0.5911883383696348,0.5810140288806678,0.595110851924226,0.5869974600751292,0.5957110806956766,-0.004099738525193613,-0.004099738525193613,-0.004099738525193613,-0.004227222207612557,-0.004227222207612557,-0.004227222207612557,-0.004310372775382397,-0.004310372775382397,-0.004310372775382397,0.0006506206892804438,0.0006506206892804438,0.0006506206892804438,-0.0005231370068614996,-0.0005231370068614996,-0.0005231370068614996,-0.00021063425018878507,-0.00021063425018878507,-0.00021063425018878507,0.0,0.0,0.0,0.5886400962508028
2025-08-20 23:00:00,0.5909072397383419,0.583301644888877,0.5985825101614527,0.5864418944305745,0.5958421539988156,-0.0011712373733497629,-0.0011712373733497629,-0.0011712373733497629,-0.004227222207612557,-0.004227222207612557,-0.004227222207612557,-0.00021448110720266285,-0.00021448110720266285,-0.00021448110720266285,9.2878856501423e-05,9.2878856501423e-05,9.2878856501423e-05,0.0029631059777613707,0.0029631059777613707,0.0029631059777613707,0.0009567562661470996,0.0009567562661470996,0.0009567562661470996,0.0,0.0,0.0,0.5907805012993087
2025-08-21 23:00:00,0.5906261411070491,0.5833305709151945,0.5996387843754144,0.5858863287860199,0.5959151461480158,0.0006936396948252319,0.0006936396948252319,0.0006936396948252319,-0.004227222207612557,-0.004227222207612557,-0.004227222207612557,0.0009451531689634606,0.0009451531689634606,0.0009451531689634606,0.0019178280532551135,0.0019178280532551135,0.0019178280532551135,0.0030030338491826747,0.0030030338491826747,0.0030030338491826747,0.000251513474138229,0.000251513474138229,0.000251513474138229,0.0,0.0,0.0,0.5911843732759892
2025-08-22 23:00:00,0.5903450424757563,0.5828025134205908,0.5983052126228441,0.5854253055489737,0.5959715844296865,0.0011044190118581227,0.0011044190118581227,0.0011044190118581227,-0.004227222207612557,-0.004227222207612557,-0.004227222207612557,0.0005750423454824252,0.0005750423454824252,0.0005750423454824252,0.0008678291848662321,0.0008678291848662321,0.0008678291848662321,0.004463812034604447,0.004463812034604447,0.004463812034604447,-0.0005293766663756977,-0.0005293766663756977,-0.0005293766663756977,0.0,0.0,0.0,0.5906845158736255
2025-08-23 23:00:00,0.5900639438444634,0.5841067501463567,0.5977984278939515,0.5848238412125197,0.5960282844831017,0.0022207271058106368,0.0022207271058106368,0.0022207271058106368,-0.004227222207612557,-0.004227222207612557,-0.004227222207612557,0.0014869750691428145,0.0014869750691428145,0.0014869750691428145,0.0006600832270453414,0.0006600832270453414,0.0006600832270453414,0.005787866086377852,0.005787866086377852,0.005787866086377852,-0.0007337520366678226,-0.0007337520366678226,-0.0007337520366678226,0.0,0.0,0.0,0.5909413542181602
2025-08-24 23:00:00,0.5897828452131706,0.5789205669156072,0.5939961402445977,0.584222376876066,0.5960906894785736,-0.005921166021460193,-0.005921166021460193,-0.005921166021460193,-0.004227222207612557,-0.004227222207612557,-0.004227222207612557,-0.006872231783390017,-0.006872231783390017,-0.006872231783390017,-0.003970711497811049,-0.003970711497811049,-0.003970711497811049,0.002276767683963413,0.002276767683963413,0.002276767683963413,-0.0009510657619298236,-0.0009510657619298236,-0.0009510657619298236,0.0,0.0,0.0,0.5857297207989984
