,0
1971-01-08,0.5816
1971-01-15,0.6135
1971-01-22,0.65057
1971-01-29,0.6913
1971-02-05,0.73436
1971-02-12,0.77738
1971-02-19,0.81924
1971-02-26,0.8604
1971-03-05,0.90246
1971-03-12,0.94753
1971-03-19,0.99783
1971-03-26,1.05575
1971-04-02,1.12142
1971-04-09,1.19384
1971-04-16,1.26874
1971-04-23,1.33968
1971-04-30,1.39944
1971-05-07,1.43991
1971-05-14,1.45223
1971-05-21,1.43167
1971-05-28,1.37896
1971-06-04,1.29854
1971-06-11,1.19797
1971-06-18,1.09379
1971-06-25,1.00318
1971-07-02,0.94283
1971-07-09,0.92847
1971-07-16,0.97001
1971-07-23,1.07014
1971-07-30,1.2236
1971-08-06,1.41611
1971-08-13,1.62694
1971-08-20,1.83334
1971-08-27,2.00919
1971-09-03,2.13891
1971-09-10,2.20829
1971-09-17,2.21662
1971-09-24,2.16762
1971-10-01,2.07226
1971-10-08,1.9448
1971-10-15,1.80336
1971-10-22,1.66464
1971-10-29,1.5429
1971-11-05,1.44788
1971-11-12,1.38274
1971-11-19,1.34677
1971-11-26,1.33287
1971-12-03,1.33288
1971-12-10,1.33763
1971-12-17,1.33685
1971-12-24,1.32229
1971-12-31,1.29093
1972-01-07,1.23307
1972-01-14,1.15797
1972-01-21,1.06646
1972-01-28,0.96541
1972-02-04,0.86249
1972-02-11,0.76287
1972-02-18,0.67028
1972-02-25,0.58771
1972-03-03,0.51658
1972-03-10,0.45694
1972-03-17,0.40662
1972-03-24,0.36242
1972-03-31,0.32011
1972-04-07,0.27642
1972-04-14,0.23068
1972-04-21,0.18212
1972-04-28,0.13384
1972-05-05,0.08858
1972-05-12,0.05076
1972-05-19,0.02436
1972-05-26,0.01376
1972-06-02,0.02105
1972-06-09,0.04688
1972-06-16,0.08849
1972-06-23,0.14132
1972-06-30,0.1981
1972-07-07,0.2508
1972-07-14,0.29253
1972-07-21,0.31741
1972-07-28,0.32096
1972-08-04,0.3025
1972-08-11,0.26359
1972-08-18,0.20867
1972-08-25,0.14333
1972-09-01,0.07469
1972-09-08,0.01004
1972-09-15,-0.04587
1972-09-22,-0.09023
1972-09-29,-0.12246
1972-10-06,-0.14451
1972-10-13,-0.1602
1972-10-20,-0.17218
1972-10-27,-0.18419
1972-11-03,-0.19855
1972-11-10,-0.21583
1972-11-17,-0.23566
1972-11-24,-0.25674
1972-12-01,-0.27467
1972-12-08,-0.28514
1972-12-15,-0.28321
1972-12-22,-0.26243
1972-12-29,-0.21782
1973-01-05,-0.14595
1973-01-12,-0.04475
1973-01-19,0.08388
1973-01-26,0.23556
1973-02-02,0.40374
1973-02-09,0.57838
1973-02-16,0.74798
1973-02-23,0.90288
1973-03-02,1.03381
1973-03-09,1.13546
1973-03-16,1.2052
1973-03-23,1.24621
1973-03-30,1.26232
1973-04-06,1.25812
1973-04-13,1.24086
1973-04-20,1.2156
1973-04-27,1.18769
1973-05-04,1.16017
1973-05-11,1.13637
1973-05-18,1.1183
1973-05-25,1.10821
1973-06-01,1.10883
1973-06-08,1.12339
1973-06-15,1.15392
1973-06-22,1.20285
1973-06-29,1.27215
1973-07-06,1.36097
1973-07-13,1.46804
1973-07-20,1.58865
1973-07-27,1.71864
1973-08-03,1.85079
1973-08-10,1.97969
1973-08-17,2.09986
1973-08-24,2.20621
1973-08-31,2.29355
1973-09-07,2.3571
1973-09-14,2.39444
1973-09-21,2.40627
1973-09-28,2.39419
1973-10-05,2.36045
1973-10-12,2.31355
1973-10-19,2.25916
1973-10-26,2.20663
1973-11-02,2.16181
1973-11-09,2.12878
1973-11-16,2.10786
1973-11-23,2.09244
1973-11-30,2.07334
1973-12-07,2.03801
1973-12-14,1.97726
1973-12-21,1.88426
1973-12-28,1.75729
1974-01-04,1.59732
1974-01-11,1.41534
1974-01-18,1.22055
1974-01-25,1.02519
1974-02-01,0.84234
1974-02-08,0.68316
1974-02-15,0.55751
1974-02-22,0.47382
1974-03-01,0.43745
1974-03-08,0.45183
1974-03-15,0.51916
1974-03-22,0.63847
1974-03-29,0.80694
1974-04-05,1.02044
1974-04-12,1.27468
1974-04-19,1.56323
1974-04-26,1.88041
1974-05-03,2.21893
1974-05-10,2.57347
1974-05-17,2.93667
1974-05-24,3.29929
1974-05-31,3.65465
1974-06-07,3.99458
1974-06-14,4.30895
1974-06-21,4.58883
1974-06-28,4.82275
1974-07-05,4.99996
1974-07-12,5.11463
1974-07-19,5.16533
1974-07-26,5.15716
1974-08-02,5.10016
1974-08-09,5.00291
1974-08-16,4.88021
1974-08-23,4.7402
1974-08-30,4.59224
1974-09-06,4.43968
1974-09-13,4.28457
1974-09-20,4.12696
1974-09-27,3.96195
1974-10-04,3.7895
1974-10-11,3.60898
1974-10-18,3.42859
1974-10-25,3.25692
1974-11-01,3.10147
1974-11-08,2.96953
1974-11-15,2.86326
1974-11-22,2.77847
1974-11-29,2.71084
1974-12-06,2.6509
1974-12-13,2.58908
1974-12-20,2.51832
1974-12-27,2.42988
1975-01-03,2.32078
1975-01-10,2.18968
1975-01-17,2.04111
1975-01-24,1.88133
1975-01-31,1.71653
1975-02-07,1.55285
1975-02-14,1.39699
1975-02-21,1.25079
1975-02-28,1.1153
1975-03-07,0.991
1975-03-14,0.87652
1975-03-21,0.77033
1975-03-28,0.66951
1975-04-04,0.57147
1975-04-11,0.47517
1975-04-18,0.38021
1975-04-25,0.28646
1975-05-02,0.19667
1975-05-09,0.11264
1975-05-16,0.03675
1975-05-23,-0.02968
1975-05-30,-0.08339
1975-06-06,-0.12396
1975-06-13,-0.15163
1975-06-20,-0.16804
1975-06-27,-0.17505
1975-07-04,-0.17522
1975-07-11,-0.17139
1975-07-18,-0.16567
1975-07-25,-0.15819
1975-08-01,-0.14883
1975-08-08,-0.13654
1975-08-15,-0.12104
1975-08-22,-0.10095
1975-08-29,-0.07608
1975-09-05,-0.04731
1975-09-12,-0.01518
1975-09-19,0.01901
1975-09-26,0.05256
1975-10-03,0.08409
1975-10-10,0.10995
1975-10-17,0.12917
1975-10-24,0.1408
1975-10-31,0.14406
1975-11-07,0.13756
1975-11-14,0.12083
1975-11-21,0.09336
1975-11-28,0.05479
1975-12-05,0.00518
1975-12-12,-0.05393
1975-12-19,-0.12046
1975-12-26,-0.19251
1976-01-02,-0.26748
1976-01-09,-0.34216
1976-01-16,-0.41326
1976-01-23,-0.47894
1976-01-30,-0.53778
1976-02-06,-0.58919
1976-02-13,-0.63237
1976-02-20,-0.66852
1976-02-27,-0.69795
1976-03-05,-0.72095
1976-03-12,-0.73703
1976-03-19,-0.74624
1976-03-26,-0.7479
1976-04-02,-0.74117
1976-04-09,-0.72574
1976-04-16,-0.70155
1976-04-23,-0.66997
1976-04-30,-0.63272
1976-05-07,-0.59247
1976-05-14,-0.55272
1976-05-21,-0.51712
1976-05-28,-0.48863
1976-06-04,-0.47018
1976-06-11,-0.46318
1976-06-18,-0.4671
1976-06-25,-0.48163
1976-07-02,-0.50443
1976-07-09,-0.53285
1976-07-16,-0.56415
1976-07-23,-0.59622
1976-07-30,-0.62658
1976-08-06,-0.6537
1976-08-13,-0.67692
1976-08-20,-0.69557
1976-08-27,-0.70943
1976-09-03,-0.71885
1976-09-10,-0.72408
1976-09-17,-0.72582
1976-09-24,-0.72464
1976-10-01,-0.72039
1976-10-08,-0.71427
1976-10-15,-0.70675
1976-10-22,-0.69794
1976-10-29,-0.6881
1976-11-05,-0.6787
1976-11-12,-0.67073
1976-11-19,-0.66547
1976-11-26,-0.66487
1976-12-03,-0.66992
1976-12-10,-0.68242
1976-12-17,-0.70176
1976-12-24,-0.72799
1976-12-31,-0.76012
1977-01-07,-0.79659
1977-01-14,-0.83374
1977-01-21,-0.86941
1977-01-28,-0.90093
1977-02-04,-0.92564
1977-02-11,-0.94196
1977-02-18,-0.94904
1977-02-25,-0.94653
1977-03-04,-0.93456
1977-03-11,-0.91455
1977-03-18,-0.88739
1977-03-25,-0.8546
1977-04-01,-0.81771
1977-04-08,-0.77822
1977-04-15,-0.73675
1977-04-22,-0.69497
1977-04-29,-0.65365
1977-05-06,-0.6146
1977-05-13,-0.57901
1977-05-20,-0.54853
1977-05-27,-0.52399
1977-06-03,-0.50634
1977-06-10,-0.49553
1977-06-17,-0.49052
1977-06-24,-0.49055
1977-07-01,-0.49438
1977-07-08,-0.50056
1977-07-15,-0.50677
1977-07-22,-0.51169
1977-07-29,-0.5138
1977-08-05,-0.51232
1977-08-12,-0.50733
1977-08-19,-0.49854
1977-08-26,-0.48674
1977-09-02,-0.47155
1977-09-09,-0.45298
1977-09-16,-0.43077
1977-09-23,-0.40575
1977-09-30,-0.37847
1977-10-07,-0.35056
1977-10-14,-0.32269
1977-10-21,-0.29599
1977-10-28,-0.27184
1977-11-04,-0.25094
1977-11-11,-0.23459
1977-11-18,-0.22345
1977-11-25,-0.21799
1977-12-02,-0.21791
1977-12-09,-0.22317
1977-12-16,-0.23252
1977-12-23,-0.2455
1977-12-30,-0.26008
1978-01-06,-0.27467
1978-01-13,-0.28678
1978-01-20,-0.29416
1978-01-27,-0.29486
1978-02-03,-0.28763
1978-02-10,-0.27216
1978-02-17,-0.24771
1978-02-24,-0.21467
1978-03-03,-0.17401
1978-03-10,-0.12677
1978-03-17,-0.07441
1978-03-24,-0.01834
1978-03-31,0.0403
1978-04-07,0.10062
1978-04-14,0.16235
1978-04-21,0.2251
1978-04-28,0.28835
1978-05-05,0.35037
1978-05-12,0.41032
1978-05-19,0.46663
1978-05-26,0.51764
1978-06-02,0.56222
1978-06-09,0.59838
1978-06-16,0.62519
1978-06-23,0.64112
1978-06-30,0.64549
1978-07-07,0.63831
1978-07-14,0.62049
1978-07-21,0.59441
1978-07-28,0.56245
1978-08-04,0.52823
1978-08-11,0.49721
1978-08-18,0.47611
1978-08-25,0.47198
1978-09-01,0.49082
1978-09-08,0.53857
1978-09-15,0.61842
1978-09-22,0.73027
1978-09-29,0.87233
1978-10-06,1.0375
1978-10-13,1.21801
1978-10-20,1.40226
1978-10-27,1.579
1978-11-03,1.73468
1978-11-10,1.86161
1978-11-17,1.95252
1978-11-24,2.00094
1978-12-01,2.00924
1978-12-08,1.97849
1978-12-15,1.91239
1978-12-22,1.81712
1978-12-29,1.69816
1979-01-05,1.56178
1979-01-12,1.41482
1979-01-19,1.2633
1979-01-26,1.11306
1979-02-02,0.96851
1979-02-09,0.83318
1979-02-16,0.70886
1979-02-23,0.59726
1979-03-02,0.50052
1979-03-09,0.41859
1979-03-16,0.35256
1979-03-23,0.30203
1979-03-30,0.26715
1979-04-06,0.24713
1979-04-13,0.24121
1979-04-20,0.24885
1979-04-27,0.26911
1979-05-04,0.30091
1979-05-11,0.34319
1979-05-18,0.3953
1979-05-25,0.45638
1979-06-01,0.52514
1979-06-08,0.59954
1979-06-15,0.67756
1979-06-22,0.75698
1979-06-29,0.83676
1979-07-06,0.91544
1979-07-13,0.99404
1979-07-20,1.07472
1979-07-27,1.15903
1979-08-03,1.24871
1979-08-10,1.34481
1979-08-17,1.44884
1979-08-24,1.56047
1979-08-31,1.67863
1979-09-07,1.80116
1979-09-14,1.92632
1979-09-21,2.05027
1979-09-28,2.16791
1979-10-05,2.27511
1979-10-12,2.36678
1979-10-19,2.43786
1979-10-26,2.48412
1979-11-02,2.50317
1979-11-09,2.49065
1979-11-16,2.4489
1979-11-23,2.38022
1979-11-30,2.29041
1979-12-07,2.18654
1979-12-14,2.07675
1979-12-21,1.97063
1979-12-28,1.87465
1980-01-04,1.79729
1980-01-11,1.74867
1980-01-18,1.73524
1980-01-25,1.76557
1980-02-01,1.84618
1980-02-08,1.97858
1980-02-15,2.16256
1980-02-22,2.39291
1980-02-29,2.65939
1980-03-07,2.94432
1980-03-14,3.23178
1980-03-21,3.49759
1980-03-28,3.71888
1980-04-04,3.88243
1980-04-11,3.97034
1980-04-18,3.9772
1980-04-25,3.9042
1980-05-02,3.7566
1980-05-09,3.54525
1980-05-16,3.28688
1980-05-23,2.99602
1980-05-30,2.68583
1980-06-06,2.37132
1980-06-13,2.06261
1980-06-20,1.76678
1980-06-27,1.4958
1980-07-04,1.25996
1980-07-11,1.06505
1980-07-18,0.91937
1980-07-25,0.82044
1980-08-01,0.76693
1980-08-08,0.75463
1980-08-15,0.77392
1980-08-22,0.81524
1980-08-29,0.87581
1980-09-05,0.94897
1980-09-12,1.02772
1980-09-19,1.11595
1980-09-26,1.21364
1980-10-03,1.32447
1980-10-10,1.45
1980-10-17,1.60053
1980-10-24,1.7732
1980-10-31,1.97087
1980-11-07,2.18827
1980-11-14,2.41406
1980-11-21,2.64111
1980-11-28,2.85851
1980-12-05,3.04391
1980-12-12,3.18522
1980-12-19,3.27939
1980-12-26,3.30499
1981-01-02,3.2719
1981-01-09,3.18171
1981-01-16,3.04673
1981-01-23,2.87632
1981-01-30,2.68648
1981-02-06,2.48634
1981-02-13,2.29239
1981-02-20,2.1165
1981-02-27,1.95882
1981-03-06,1.83157
1981-03-13,1.73715
1981-03-20,1.67832
1981-03-27,1.65702
1981-04-03,1.67383
1981-04-10,1.72413
1981-04-17,1.80915
1981-04-24,1.91698
1981-05-01,2.04553
1981-05-08,2.19316
1981-05-15,2.35245
1981-05-22,2.51756
1981-05-29,2.69006
1981-06-05,2.85756
1981-06-12,3.02007
1981-06-19,3.16741
1981-06-26,3.29391
1981-07-03,3.3931
1981-07-10,3.4632
1981-07-17,3.50305
1981-07-24,3.51053
1981-07-31,3.49301
1981-08-07,3.45001
1981-08-14,3.38846
1981-08-21,3.31515
1981-08-28,3.23834
1981-09-04,3.16101
1981-09-11,3.09079
1981-09-18,3.02475
1981-09-25,2.96335
1981-10-02,2.90938
1981-10-09,2.8551
1981-10-16,2.80304
1981-10-23,2.74979
1981-10-30,2.691
1981-11-06,2.62236
1981-11-13,2.54551
1981-11-20,2.46042
1981-11-27,2.37225
1981-12-04,2.28684
1981-12-11,2.20573
1981-12-18,2.12944
1981-12-25,2.06155
1982-01-01,2.00024
1982-01-08,1.94898
1982-01-15,1.9139
1982-01-22,1.89417
1982-01-29,1.89369
1982-02-05,1.9054
1982-02-12,1.92942
1982-02-19,1.96087
1982-02-26,1.99524
1982-03-05,2.02611
1982-03-12,2.05271
1982-03-19,2.077
1982-03-26,2.0982
1982-04-02,2.11672
1982-04-09,2.13928
1982-04-16,2.16691
1982-04-23,2.2021
1982-04-30,2.24901
1982-05-07,2.31003
1982-05-14,2.3867
1982-05-21,2.4779
1982-05-28,2.57533
1982-06-04,2.67183
1982-06-11,2.76366
1982-06-18,2.84174
1982-06-25,2.90035
1982-07-02,2.93901
1982-07-09,2.9624
1982-07-16,2.97541
1982-07-23,2.99161
1982-07-30,3.02025
1982-08-06,3.06961
1982-08-13,3.1411
1982-08-20,3.22611
1982-08-27,3.31516
1982-09-03,3.39103
1982-09-10,3.43476
1982-09-17,3.42938
1982-09-24,3.35804
1982-10-01,3.21494
1982-10-08,3.00412
1982-10-15,2.73865
1982-10-22,2.44045
1982-10-29,2.13137
1982-11-05,1.83183
1982-11-12,1.55689
1982-11-19,1.31674
1982-11-26,1.11562
1982-12-03,0.95077
1982-12-10,0.81713
1982-12-17,0.70765
1982-12-24,0.61222
1982-12-31,0.52578
1983-01-07,0.44475
1983-01-14,0.3686
1983-01-21,0.29734
1983-01-28,0.23261
1983-02-04,0.17523
1983-02-11,0.12657
1983-02-18,0.08792
1983-02-25,0.0592
1983-03-04,0.0379
1983-03-11,0.02361
1983-03-18,0.01363
1983-03-25,0.00341
1983-04-01,-0.00884
1983-04-08,-0.02559
1983-04-15,-0.04783
1983-04-22,-0.07505
1983-04-29,-0.10564
1983-05-06,-0.13671
1983-05-13,-0.16475
1983-05-20,-0.18671
1983-05-27,-0.20225
1983-06-03,-0.20862
1983-06-10,-0.20678
1983-06-17,-0.19831
1983-06-24,-0.18409
1983-07-01,-0.16536
1983-07-08,-0.14547
1983-07-15,-0.12557
1983-07-22,-0.1086
1983-07-29,-0.09575
1983-08-05,-0.08803
1983-08-12,-0.0853
1983-08-19,-0.08762
1983-08-26,-0.09244
1983-09-02,-0.09813
1983-09-09,-0.10272
1983-09-16,-0.10443
1983-09-23,-0.10078
1983-09-30,-0.09147
1983-10-07,-0.0756
1983-10-14,-0.05413
1983-10-21,-0.02768
1983-10-28,-0.00039
1983-11-04,0.02753
1983-11-11,0.0524
1983-11-18,0.07342
1983-11-25,0.08925
1983-12-02,0.09835
1983-12-09,0.10001
1983-12-16,0.09343
1983-12-23,0.07711
1983-12-30,0.05088
1984-01-06,0.01769
1984-01-13,-0.02107
1984-01-20,-0.06308
1984-01-27,-0.10408
1984-02-03,-0.14114
1984-02-10,-0.17179
1984-02-17,-0.19299
1984-02-24,-0.20363
1984-03-02,-0.20185
1984-03-09,-0.18608
1984-03-16,-0.15487
1984-03-23,-0.10742
1984-03-30,-0.04289
1984-04-06,0.03828
1984-04-13,0.1341
1984-04-20,0.24323
1984-04-27,0.36365
1984-05-04,0.49102
1984-05-11,0.62147
1984-05-18,0.74891
1984-05-25,0.86773
1984-06-01,0.97404
1984-06-08,1.06256
1984-06-15,1.13111
1984-06-22,1.17594
1984-06-29,1.1936
1984-07-06,1.18127
1984-07-13,1.13977
1984-07-20,1.07506
1984-07-27,0.99326
1984-08-03,0.90246
1984-08-10,0.80993
1984-08-17,0.72092
1984-08-24,0.63728
1984-08-31,0.56056
1984-09-07,0.49204
1984-09-14,0.42956
1984-09-21,0.37051
1984-09-28,0.31355
1984-10-05,0.25806
1984-10-12,0.20294
1984-10-19,0.14881
1984-10-26,0.09727
1984-11-02,0.04893
1984-11-09,0.00335
1984-11-16,-0.04059
1984-11-23,-0.08284
1984-11-30,-0.1247
1984-12-07,-0.16533
1984-12-14,-0.20652
1984-12-21,-0.24782
1984-12-28,-0.28754
1985-01-04,-0.32538
1985-01-11,-0.35798
1985-01-18,-0.38213
1985-01-25,-0.39662
1985-02-01,-0.40044
1985-02-08,-0.39384
1985-02-15,-0.37958
1985-02-22,-0.3602
1985-03-01,-0.33835
1985-03-08,-0.31757
1985-03-15,-0.30099
1985-03-22,-0.28994
1985-03-29,-0.28604
1985-04-05,-0.29114
1985-04-12,-0.30451
1985-04-19,-0.32539
1985-04-26,-0.35167
1985-05-03,-0.38015
1985-05-10,-0.40977
1985-05-17,-0.43602
1985-05-24,-0.45749
1985-05-31,-0.4725
1985-06-07,-0.47959
1985-06-14,-0.47783
1985-06-21,-0.46796
1985-06-28,-0.45028
1985-07-05,-0.42673
1985-07-12,-0.39833
1985-07-19,-0.36567
1985-07-26,-0.32967
1985-08-02,-0.29217
1985-08-09,-0.25436
1985-08-16,-0.21835
1985-08-23,-0.1865
1985-08-30,-0.16112
1985-09-06,-0.14412
1985-09-13,-0.1373
1985-09-20,-0.14224
1985-09-27,-0.15787
1985-10-04,-0.18348
1985-10-11,-0.21568
1985-10-18,-0.25083
1985-10-25,-0.28506
1985-11-01,-0.31454
1985-11-08,-0.33625
1985-11-15,-0.34865
1985-11-22,-0.35072
1985-11-29,-0.34396
1985-12-06,-0.33061
1985-12-13,-0.31343
1985-12-20,-0.29604
1985-12-27,-0.27986
1986-01-03,-0.26868
1986-01-10,-0.26265
1986-01-17,-0.26218
1986-01-24,-0.26696
1986-01-31,-0.27625
1986-02-07,-0.28744
1986-02-14,-0.29879
1986-02-21,-0.309
1986-02-28,-0.31749
1986-03-07,-0.32469
1986-03-14,-0.33198
1986-03-21,-0.3406
1986-03-28,-0.35249
1986-04-04,-0.36954
1986-04-11,-0.39072
1986-04-18,-0.41458
1986-04-25,-0.43946
1986-05-02,-0.46189
1986-05-09,-0.47981
1986-05-16,-0.49153
1986-05-23,-0.49634
1986-05-30,-0.49461
1986-06-06,-0.48761
1986-06-13,-0.47712
1986-06-20,-0.46679
1986-06-27,-0.46063
1986-07-04,-0.46103
1986-07-11,-0.46901
1986-07-18,-0.48528
1986-07-25,-0.50814
1986-08-01,-0.53431
1986-08-08,-0.55991
1986-08-15,-0.58258
1986-08-22,-0.59862
1986-08-29,-0.606
1986-09-05,-0.60477
1986-09-12,-0.59542
1986-09-19,-0.58279
1986-09-26,-0.56933
1986-10-03,-0.55807
1986-10-10,-0.55152
1986-10-17,-0.55021
1986-10-24,-0.55254
1986-10-31,-0.55728
1986-11-07,-0.56287
1986-11-14,-0.5673
1986-11-21,-0.56797
1986-11-28,-0.56478
1986-12-05,-0.55749
1986-12-12,-0.54741
1986-12-19,-0.53519
1986-12-26,-0.52252
1987-01-02,-0.51309
1987-01-09,-0.50588
1987-01-16,-0.50188
1987-01-23,-0.50032
1987-01-30,-0.49989
1987-02-06,-0.49776
1987-02-13,-0.49075
1987-02-20,-0.47523
1987-02-27,-0.44997
1987-03-06,-0.41165
1987-03-13,-0.35602
1987-03-20,-0.28138
1987-03-27,-0.18796
1987-04-03,-0.07693
1987-04-10,0.04543
1987-04-17,0.17344
1987-04-24,0.29756
1987-05-01,0.40741
1987-05-08,0.49901
1987-05-15,0.56447
1987-05-22,0.6037
1987-05-29,0.61115
1987-06-05,0.59143
1987-06-12,0.54906
1987-06-19,0.48639
1987-06-26,0.41298
1987-07-03,0.33312
1987-07-10,0.2531
1987-07-17,0.17485
1987-07-24,0.10244
1987-07-31,0.04136
1987-08-07,-0.00188
1987-08-14,-0.02384
1987-08-21,-0.01453
1987-08-28,0.02835
1987-09-04,0.10554
1987-09-11,0.21044
1987-09-18,0.33869
1987-09-25,0.48138
1987-10-02,0.63213
1987-10-09,0.7781
1987-10-16,0.90901
1987-10-23,1.01641
1987-10-30,1.09311
1987-11-06,1.13231
1987-11-13,1.1426
1987-11-20,1.13036
1987-11-27,1.09791
1987-12-04,1.05085
1987-12-11,0.9864
1987-12-18,0.91065
1987-12-25,0.82347
1988-01-01,0.72925
1988-01-08,0.63128
1988-01-15,0.53558
1988-01-22,0.44239
1988-01-29,0.35552
1988-02-05,0.27766
1988-02-12,0.21244
1988-02-19,0.16263
1988-02-26,0.12753
1988-03-04,0.10727
1988-03-11,0.10132
1988-03-18,0.10883
1988-03-25,0.12557
1988-04-01,0.14997
1988-04-08,0.17843
1988-04-15,0.20472
1988-04-22,0.22701
1988-04-29,0.2412
1988-05-06,0.24814
1988-05-13,0.25015
1988-05-20,0.24922
1988-05-27,0.24838
1988-06-03,0.25124
1988-06-10,0.25916
1988-06-17,0.27359
1988-06-24,0.29531
1988-07-01,0.32301
1988-07-08,0.35304
1988-07-15,0.38203
1988-07-22,0.40672
1988-07-29,0.42297
1988-08-05,0.42988
1988-08-12,0.42656
1988-08-19,0.41345
1988-08-26,0.39105
1988-09-02,0.36285
1988-09-09,0.33095
1988-09-16,0.29979
1988-09-23,0.27215
1988-09-30,0.24827
1988-10-07,0.22784
1988-10-14,0.2102
1988-10-21,0.1948
1988-10-28,0.18151
1988-11-04,0.17024
1988-11-11,0.16161
1988-11-18,0.15475
1988-11-25,0.15014
1988-12-02,0.14612
1988-12-09,0.14317
1988-12-16,0.14003
1988-12-23,0.13817
1988-12-30,0.13733
1989-01-06,0.13967
1989-01-13,0.14644
1989-01-20,0.15971
1989-01-27,0.18273
1989-02-03,0.21845
1989-02-10,0.26782
1989-02-17,0.33073
1989-02-24,0.40296
1989-03-03,0.48092
1989-03-10,0.557
1989-03-17,0.62587
1989-03-24,0.67997
1989-03-31,0.71348
1989-04-07,0.72358
1989-04-14,0.70902
1989-04-21,0.67014
1989-04-28,0.61545
1989-05-05,0.54808
1989-05-12,0.47822
1989-05-19,0.41169
1989-05-26,0.35588
1989-06-02,0.31402
1989-06-09,0.28658
1989-06-16,0.27021
1989-06-23,0.26074
1989-06-30,0.25248
1989-07-07,0.24293
1989-07-14,0.22947
1989-07-21,0.21488
1989-07-28,0.2025
1989-08-04,0.19463
1989-08-11,0.19651
1989-08-18,0.20872
1989-08-25,0.23109
1989-09-01,0.26205
1989-09-08,0.29667
1989-09-15,0.33075
1989-09-22,0.35767
1989-09-29,0.37475
1989-10-06,0.37786
1989-10-13,0.36501
1989-10-20,0.33694
1989-10-27,0.29598
1989-11-03,0.24609
1989-11-10,0.19335
1989-11-17,0.14182
1989-11-24,0.09645
1989-12-01,0.06024
1989-12-08,0.0352
1989-12-15,0.0213
1989-12-22,0.01764
1989-12-29,0.02151
1990-01-05,0.03128
1990-01-12,0.04293
1990-01-19,0.05271
1990-01-26,0.05983
1990-02-02,0.06156
1990-02-09,0.0586
1990-02-16,0.05268
1990-02-23,0.04595
1990-03-02,0.04121
1990-03-09,0.0403
1990-03-16,0.04581
1990-03-23,0.05676
1990-03-30,0.07196
1990-04-06,0.08883
1990-04-13,0.10171
1990-04-20,0.10865
1990-04-27,0.10604
1990-05-04,0.09147
1990-05-11,0.06578
1990-05-18,0.03065
1990-05-25,-0.01061
1990-06-01,-0.05394
1990-06-08,-0.09412
1990-06-15,-0.12714
1990-06-22,-0.15014
1990-06-29,-0.16026
1990-07-06,-0.15701
1990-07-13,-0.14165
1990-07-20,-0.11481
1990-07-27,-0.07826
1990-08-03,-0.03436
1990-08-10,0.01566
1990-08-17,0.06788
1990-08-24,0.12228
1990-08-31,0.17603
1990-09-07,0.22949
1990-09-14,0.28059
1990-09-21,0.32851
1990-09-28,0.37202
1990-10-05,0.40537
1990-10-12,0.42901
1990-10-19,0.44342
1990-10-26,0.44846
1990-11-02,0.44878
1990-11-09,0.44798
1990-11-16,0.44793
1990-11-23,0.45223
1990-11-30,0.46301
1990-12-07,0.47608
1990-12-14,0.49141
1990-12-21,0.50687
1990-12-28,0.51455
1991-01-04,0.50747
1991-01-11,0.48649
1991-01-18,0.44707
1991-01-25,0.38759
1991-02-01,0.31854
1991-02-08,0.24305
1991-02-15,0.16746
1991-02-22,0.09638
1991-03-01,0.03231
1991-03-08,-0.025
1991-03-15,-0.07481
1991-03-22,-0.11721
1991-03-29,-0.15321
1991-04-05,-0.18275
1991-04-12,-0.20691
1991-04-19,-0.22655
1991-04-26,-0.24037
1991-05-03,-0.24909
1991-05-10,-0.25272
1991-05-17,-0.25133
1991-05-24,-0.24693
1991-05-31,-0.24171
1991-06-07,-0.23907
1991-06-14,-0.24187
1991-06-21,-0.25299
1991-06-28,-0.27263
1991-07-05,-0.30187
1991-07-12,-0.33764
1991-07-19,-0.37794
1991-07-26,-0.41864
1991-08-02,-0.45633
1991-08-09,-0.48891
1991-08-16,-0.51404
1991-08-23,-0.53197
1991-08-30,-0.54464
1991-09-06,-0.55179
1991-09-13,-0.55718
1991-09-20,-0.56087
1991-09-27,-0.56396
1991-10-04,-0.56701
1991-10-11,-0.57179
1991-10-18,-0.57775
1991-10-25,-0.58499
1991-11-01,-0.59387
1991-11-08,-0.60339
1991-11-15,-0.61306
1991-11-22,-0.62258
1991-11-29,-0.63255
1991-12-06,-0.64295
1991-12-13,-0.6534
1991-12-20,-0.66126
1991-12-27,-0.6682
1992-01-03,-0.67014
1992-01-10,-0.67097
1992-01-17,-0.66814
1992-01-24,-0.6648
1992-01-31,-0.66238
1992-02-07,-0.66052
1992-02-14,-0.65978
1992-02-21,-0.65971
1992-02-28,-0.66105
1992-03-06,-0.66397
1992-03-13,-0.66853
1992-03-20,-0.67662
1992-03-27,-0.6885
1992-04-03,-0.70382
1992-04-10,-0.72277
1992-04-17,-0.74368
1992-04-24,-0.76609
1992-05-01,-0.78898
1992-05-08,-0.81057
1992-05-15,-0.83065
1992-05-22,-0.84906
1992-05-29,-0.86505
1992-06-05,-0.87969
1992-06-12,-0.8941
1992-06-19,-0.90783
1992-06-26,-0.92047
1992-07-03,-0.93125
1992-07-10,-0.93894
1992-07-17,-0.94401
1992-07-24,-0.94561
1992-07-31,-0.94399
1992-08-07,-0.93888
1992-08-14,-0.93082
1992-08-21,-0.91918
1992-08-28,-0.90398
1992-09-04,-0.88527
1992-09-11,-0.86361
1992-09-18,-0.83771
1992-09-25,-0.80836
1992-10-02,-0.77704
1992-10-09,-0.74665
1992-10-16,-0.71941
1992-10-23,-0.69846
1992-10-30,-0.68649
1992-11-06,-0.68523
1992-11-13,-0.69379
1992-11-20,-0.71252
1992-11-27,-0.74055
1992-12-04,-0.77573
1992-12-11,-0.81486
1992-12-18,-0.85282
1992-12-25,-0.88736
1993-01-01,-0.91546
1993-01-08,-0.93581
1993-01-15,-0.95013
1993-01-22,-0.9587
1993-01-29,-0.96221
1993-02-05,-0.96285
1993-02-12,-0.96208
1993-02-19,-0.96079
1993-02-26,-0.96167
1993-03-05,-0.96386
1993-03-12,-0.96794
1993-03-19,-0.97369
1993-03-26,-0.9807
1993-04-02,-0.98754
1993-04-09,-0.99382
1993-04-16,-0.99829
1993-04-23,-0.99994
1993-04-30,-0.99962
1993-05-07,-0.99636
1993-05-14,-0.992
1993-05-21,-0.98841
1993-05-28,-0.98707
1993-06-04,-0.98937
1993-06-11,-0.99703
1993-06-18,-1.00967
1993-06-25,-1.02556
1993-07-02,-1.04299
1993-07-09,-1.06072
1993-07-16,-1.07633
1993-07-23,-1.08903
1993-07-30,-1.09737
1993-08-06,-1.10183
1993-08-13,-1.10268
1993-08-20,-1.10039
1993-08-27,-1.09545
1993-09-03,-1.08872
1993-09-10,-1.0801
1993-09-17,-1.06914
1993-09-24,-1.0564
1993-10-01,-1.04191
1993-10-08,-1.02627
1993-10-15,-1.00922
1993-10-22,-0.99133
1993-10-29,-0.97365
1993-11-05,-0.95818
1993-11-12,-0.94727
1993-11-19,-0.94216
1993-11-26,-0.94409
1993-12-03,-0.95238
1993-12-10,-0.96543
1993-12-17,-0.98129
1993-12-24,-0.99723
1993-12-31,-1.01102
1994-01-07,-1.02129
1994-01-14,-1.02725
1994-01-21,-1.02648
1994-01-28,-1.01965
1994-02-04,-1.0055
1994-02-11,-0.98416
1994-02-18,-0.95777
1994-02-25,-0.92737
1994-03-04,-0.89396
1994-03-11,-0.86026
1994-03-18,-0.82815
1994-03-25,-0.79863
1994-04-01,-0.77337
1994-04-08,-0.75441
1994-04-15,-0.74147
1994-04-22,-0.73319
1994-04-29,-0.7301
1994-05-06,-0.72822
1994-05-13,-0.72794
1994-05-20,-0.72923
1994-05-27,-0.72998
1994-06-03,-0.72861
1994-06-10,-0.7275
1994-06-17,-0.72491
1994-06-24,-0.72327
1994-07-01,-0.72421
1994-07-08,-0.73086
1994-07-15,-0.74293
1994-07-22,-0.75951
1994-07-29,-0.77757
1994-08-05,-0.79433
1994-08-12,-0.80784
1994-08-19,-0.8151
1994-08-26,-0.81391
1994-09-02,-0.8037
1994-09-09,-0.78482
1994-09-16,-0.75842
1994-09-23,-0.7284
1994-09-30,-0.69744
1994-10-07,-0.66921
1994-10-14,-0.64517
1994-10-21,-0.62471
1994-10-28,-0.60569
1994-11-04,-0.58649
1994-11-11,-0.5646
1994-11-18,-0.53893
1994-11-25,-0.5095
1994-12-02,-0.47871
1994-12-09,-0.44833
1994-12-16,-0.42454
1994-12-23,-0.40967
1994-12-30,-0.40707
1995-01-06,-0.41789
1995-01-13,-0.44084
1995-01-20,-0.47236
1995-01-27,-0.50841
1995-02-03,-0.54529
1995-02-10,-0.57906
1995-02-17,-0.60669
1995-02-24,-0.62714
1995-03-03,-0.63926
1995-03-10,-0.64415
1995-03-17,-0.64516
1995-03-24,-0.64382
1995-03-31,-0.64345
1995-04-07,-0.64572
1995-04-14,-0.65224
1995-04-21,-0.66304
1995-04-28,-0.67688
1995-05-05,-0.69161
1995-05-12,-0.70538
1995-05-19,-0.71483
1995-05-26,-0.71885
1995-06-02,-0.71611
1995-06-09,-0.70904
1995-06-16,-0.69831
1995-06-23,-0.68789
1995-06-30,-0.67939
1995-07-07,-0.67459
1995-07-14,-0.67543
1995-07-21,-0.67988
1995-07-28,-0.68703
1995-08-04,-0.69653
1995-08-11,-0.70605
1995-08-18,-0.71371
1995-08-25,-0.71869
1995-09-01,-0.71982
1995-09-08,-0.71776
1995-09-15,-0.7138
1995-09-22,-0.70823
1995-09-29,-0.70351
1995-10-06,-0.70231
1995-10-13,-0.70433
1995-10-20,-0.71028
1995-10-27,-0.71938
1995-11-03,-0.73137
1995-11-10,-0.74362
1995-11-17,-0.75294
1995-11-24,-0.75871
1995-12-01,-0.76001
1995-12-08,-0.75768
1995-12-15,-0.75287
1995-12-22,-0.74888
1995-12-29,-0.74828
1996-01-05,-0.75401
1996-01-12,-0.76449
1996-01-19,-0.77952
1996-01-26,-0.79754
1996-02-02,-0.8144
1996-02-09,-0.82603
1996-02-16,-0.83062
1996-02-23,-0.82668
1996-03-01,-0.81337
1996-03-08,-0.7942
1996-03-15,-0.77053
1996-03-22,-0.74711
1996-03-29,-0.72547
1996-04-05,-0.70808
1996-04-12,-0.69544
1996-04-19,-0.68966
1996-04-26,-0.69083
1996-05-03,-0.69638
1996-05-10,-0.70478
1996-05-17,-0.71362
1996-05-24,-0.7198
1996-05-31,-0.72222
1996-06-07,-0.72012
1996-06-14,-0.71591
1996-06-21,-0.71055
1996-06-28,-0.70639
1996-07-05,-0.70399
1996-07-12,-0.70459
1996-07-19,-0.70954
1996-07-26,-0.71802
1996-08-02,-0.72797
1996-08-09,-0.73914
1996-08-16,-0.74736
1996-08-23,-0.75157
1996-08-30,-0.75123
1996-09-06,-0.74686
1996-09-13,-0.74175
1996-09-20,-0.73739
1996-09-27,-0.73586
1996-10-04,-0.73888
1996-10-11,-0.74656
1996-10-18,-0.7571
1996-10-25,-0.76914
1996-11-01,-0.7804
1996-11-08,-0.78833
1996-11-15,-0.79062
1996-11-22,-0.78665
1996-11-29,-0.77614
1996-12-06,-0.76059
1996-12-13,-0.74263
1996-12-20,-0.7256
1996-12-27,-0.71167
1997-01-03,-0.70202
1997-01-10,-0.69745
1997-01-17,-0.69922
1997-01-24,-0.7058
1997-01-31,-0.71554
1997-02-07,-0.72629
1997-02-14,-0.7363
1997-02-21,-0.74185
1997-02-28,-0.74225
1997-03-07,-0.73665
1997-03-14,-0.72615
1997-03-21,-0.71218
1997-03-28,-0.69651
1997-04-04,-0.68009
1997-04-11,-0.66541
1997-04-18,-0.65295
1997-04-25,-0.64328
1997-05-02,-0.63743
1997-05-09,-0.63373
1997-05-16,-0.63208
1997-05-23,-0.63192
1997-05-30,-0.63227
1997-06-06,-0.63357
1997-06-13,-0.63637
1997-06-20,-0.64014
1997-06-27,-0.64452
1997-07-04,-0.65012
1997-07-11,-0.65472
1997-07-18,-0.65878
1997-07-25,-0.66185
1997-08-01,-0.66316
1997-08-08,-0.66275
1997-08-15,-0.66057
1997-08-22,-0.65705
1997-08-29,-0.65213
1997-09-05,-0.64616
1997-09-12,-0.63868
1997-09-19,-0.62933
1997-09-26,-0.6173
1997-10-03,-0.60234
1997-10-10,-0.58345
1997-10-17,-0.56148
1997-10-24,-0.53793
1997-10-31,-0.51498
1997-11-07,-0.49702
1997-11-14,-0.48341
1997-11-21,-0.47697
1997-11-28,-0.47669
1997-12-05,-0.48144
1997-12-12,-0.4895
1997-12-19,-0.50156
1997-12-26,-0.51685
1998-01-02,-0.53335
1998-01-09,-0.55023
1998-01-16,-0.56868
1998-01-23,-0.58622
1998-01-30,-0.60321
1998-02-06,-0.61882
1998-02-13,-0.63103
1998-02-20,-0.63979
1998-02-27,-0.64426
1998-03-06,-0.64362
1998-03-13,-0.64055
1998-03-20,-0.63644
1998-03-27,-0.63094
1998-04-03,-0.62534
1998-04-10,-0.62008
1998-04-17,-0.61459
1998-04-24,-0.60855
1998-05-01,-0.60218
1998-05-08,-0.59582
1998-05-15,-0.58947
1998-05-22,-0.58297
1998-05-29,-0.57537
1998-06-05,-0.56929
1998-06-12,-0.56434
1998-06-19,-0.56153
1998-06-26,-0.56008
1998-07-03,-0.55951
1998-07-10,-0.55728
1998-07-17,-0.5509
1998-07-24,-0.53713
1998-07-31,-0.51418
1998-08-07,-0.4798
1998-08-14,-0.43411
1998-08-21,-0.37864
1998-08-28,-0.31547
1998-09-04,-0.24948
1998-09-11,-0.18472
1998-09-18,-0.1236
1998-09-25,-0.06957
1998-10-02,-0.02631
1998-10-09,0.00356
1998-10-16,0.0163
1998-10-23,0.01079
1998-10-30,-0.00792
1998-11-06,-0.035
1998-11-13,-0.0632
1998-11-20,-0.09243
1998-11-27,-0.11808
1998-12-04,-0.13914
1998-12-11,-0.15824
1998-12-18,-0.17619
1998-12-25,-0.19406
1999-01-01,-0.21069
1999-01-08,-0.22555
1999-01-15,-0.24121
1999-01-22,-0.25793
1999-01-29,-0.27664
1999-02-05,-0.29672
1999-02-12,-0.31757
1999-02-19,-0.33861
1999-02-26,-0.358
1999-03-05,-0.37455
1999-03-12,-0.38885
1999-03-19,-0.40007
1999-03-26,-0.40838
1999-04-02,-0.41465
1999-04-09,-0.41957
1999-04-16,-0.42385
1999-04-23,-0.42739
1999-04-30,-0.42999
1999-05-07,-0.43021
1999-05-14,-0.42623
1999-05-21,-0.41778
1999-05-28,-0.40535
1999-06-04,-0.39018
1999-06-11,-0.37312
1999-06-18,-0.35479
1999-06-25,-0.33493
1999-07-02,-0.31346
1999-07-09,-0.28964
1999-07-16,-0.26343
1999-07-23,-0.23728
1999-07-30,-0.21322
1999-08-06,-0.19167
1999-08-13,-0.17481
1999-08-20,-0.16227
1999-08-27,-0.15162
1999-09-03,-0.14032
1999-09-10,-0.12756
1999-09-17,-0.11451
1999-09-24,-0.10205
1999-10-01,-0.09125
1999-10-08,-0.08473
1999-10-15,-0.08662
1999-10-22,-0.09624
1999-10-29,-0.1117
1999-11-05,-0.1298
1999-11-12,-0.14781
1999-11-19,-0.16274
1999-11-26,-0.17038
1999-12-03,-0.17256
1999-12-10,-0.17093
1999-12-17,-0.16959
1999-12-24,-0.17
1999-12-31,-0.17353
2000-01-07,-0.18347
2000-01-14,-0.19483
2000-01-21,-0.20522
2000-01-28,-0.21255
2000-02-04,-0.21436
2000-02-11,-0.21208
2000-02-18,-0.20432
2000-02-25,-0.19156
2000-03-03,-0.17559
2000-03-10,-0.15558
2000-03-17,-0.13337
2000-03-24,-0.11104
2000-03-31,-0.09
2000-04-07,-0.07401
2000-04-14,-0.05951
2000-04-21,-0.04636
2000-04-28,-0.0322
2000-05-05,-0.01607
2000-05-12,-0.0005
2000-05-19,0.01403
2000-05-26,0.02636
2000-06-02,0.03392
2000-06-09,0.03524
2000-06-16,0.0306
2000-06-23,0.01877
2000-06-30,0.00067
2000-07-07,-0.02428
2000-07-14,-0.05367
2000-07-21,-0.08445
2000-07-28,-0.11516
2000-08-04,-0.14346
2000-08-11,-0.16779
2000-08-18,-0.18612
2000-08-25,-0.19853
2000-09-01,-0.20594
2000-09-08,-0.20792
2000-09-15,-0.20646
2000-09-22,-0.20204
2000-09-29,-0.19596
2000-10-06,-0.1891
2000-10-13,-0.18102
2000-10-20,-0.17439
2000-10-27,-0.16756
2000-11-03,-0.15812
2000-11-10,-0.145
2000-11-17,-0.12735
2000-11-24,-0.10667
2000-12-01,-0.08605
2000-12-08,-0.07027
2000-12-15,-0.06445
2000-12-22,-0.06952
2000-12-29,-0.08989
2001-01-05,-0.11978
2001-01-12,-0.15576
2001-01-19,-0.19291
2001-01-26,-0.22653
2001-02-02,-0.25372
2001-02-09,-0.27251
2001-02-16,-0.28169
2001-02-23,-0.28094
2001-03-02,-0.27477
2001-03-09,-0.26586
2001-03-16,-0.25673
2001-03-23,-0.25253
2001-03-30,-0.25596
2001-04-06,-0.26567
2001-04-13,-0.28494
2001-04-20,-0.30957
2001-04-27,-0.33661
2001-05-04,-0.36483
2001-05-11,-0.39035
2001-05-18,-0.41031
2001-05-25,-0.4263
2001-06-01,-0.43755
2001-06-08,-0.44524
2001-06-15,-0.45105
2001-06-22,-0.45666
2001-06-29,-0.46339
2001-07-06,-0.47254
2001-07-13,-0.48302
2001-07-20,-0.4936
2001-07-27,-0.50331
2001-08-03,-0.50836
2001-08-10,-0.50424
2001-08-17,-0.49055
2001-08-24,-0.46636
2001-08-31,-0.43526
2001-09-07,-0.40111
2001-09-14,-0.36877
2001-09-21,-0.34656
2001-09-28,-0.34034
2001-10-05,-0.34297
2001-10-12,-0.35484
2001-10-19,-0.37102
2001-10-26,-0.38804
2001-11-02,-0.40004
2001-11-09,-0.40561
2001-11-16,-0.40405
2001-11-23,-0.39393
2001-11-30,-0.37998
2001-12-07,-0.36717
2001-12-14,-0.36076
2001-12-21,-0.36301
2001-12-28,-0.37645
2002-01-04,-0.39681
2002-01-11,-0.4225
2002-01-18,-0.44803
2002-01-25,-0.46922
2002-02-01,-0.48427
2002-02-08,-0.49319
2002-02-15,-0.49744
2002-02-22,-0.49759
2002-03-01,-0.49696
2002-03-08,-0.49598
2002-03-15,-0.49657
2002-03-22,-0.50071
2002-03-29,-0.50897
2002-04-05,-0.52233
2002-04-12,-0.541
2002-04-19,-0.56292
2002-04-26,-0.58583
2002-05-03,-0.60824
2002-05-10,-0.62474
2002-05-17,-0.63534
2002-05-24,-0.63726
2002-05-31,-0.63107
2002-06-07,-0.61682
2002-06-14,-0.59637
2002-06-21,-0.57152
2002-06-28,-0.54402
2002-07-05,-0.51602
2002-07-12,-0.48864
2002-07-19,-0.46475
2002-07-26,-0.44421
2002-08-02,-0.42996
2002-08-09,-0.41879
2002-08-16,-0.41152
2002-08-23,-0.40363
2002-08-30,-0.39532
2002-09-06,-0.38469
2002-09-13,-0.37394
2002-09-20,-0.36426
2002-09-27,-0.35828
2002-10-04,-0.35751
2002-10-11,-0.36332
2002-10-18,-0.37601
2002-10-25,-0.39172
2002-11-01,-0.41032
2002-11-08,-0.42825
2002-11-15,-0.44375
2002-11-22,-0.45452
2002-11-29,-0.4608
2002-12-06,-0.46315
2002-12-13,-0.46635
2002-12-20,-0.47012
2002-12-27,-0.47687
2003-01-03,-0.48768
2003-01-10,-0.50097
2003-01-17,-0.51345
2003-01-24,-0.52306
2003-01-31,-0.53012
2003-02-07,-0.53386
2003-02-14,-0.53634
2003-02-21,-0.5389
2003-02-28,-0.5431
2003-03-07,-0.54971
2003-03-14,-0.55976
2003-03-21,-0.57451
2003-03-28,-0.59418
2003-04-04,-0.61761
2003-04-11,-0.64333
2003-04-18,-0.6681
2003-04-25,-0.68959
2003-05-02,-0.70593
2003-05-09,-0.71557
2003-05-16,-0.71998
2003-05-23,-0.7204
2003-05-30,-0.71896
2003-06-06,-0.71704
2003-06-13,-0.71633
2003-06-20,-0.71782
2003-06-27,-0.72052
2003-07-04,-0.72353
2003-07-11,-0.72514
2003-07-18,-0.72344
2003-07-25,-0.71841
2003-08-01,-0.70847
2003-08-08,-0.69821
2003-08-15,-0.68811
2003-08-22,-0.67997
2003-08-29,-0.67483
2003-09-05,-0.67338
2003-09-12,-0.67574
2003-09-19,-0.68109
2003-09-26,-0.68805
2003-10-03,-0.69589
2003-10-10,-0.70449
2003-10-17,-0.71247
2003-10-24,-0.71812
2003-10-31,-0.72259
2003-11-07,-0.72469
2003-11-14,-0.72484
2003-11-21,-0.72361
2003-11-28,-0.72227
2003-12-05,-0.72037
2003-12-12,-0.72111
2003-12-19,-0.72443
2003-12-26,-0.73074
2004-01-02,-0.74072
2004-01-09,-0.75401
2004-01-16,-0.76793
2004-01-23,-0.78129
2004-01-30,-0.79356
2004-02-06,-0.80347
2004-02-13,-0.81214
2004-02-20,-0.81823
2004-02-27,-0.82171
2004-03-05,-0.82236
2004-03-12,-0.82088
2004-03-19,-0.81673
2004-03-26,-0.81016
2004-04-02,-0.80173
2004-04-09,-0.79072
2004-04-16,-0.77724
2004-04-23,-0.76192
2004-04-30,-0.7464
2004-05-07,-0.7314
2004-05-14,-0.71866
2004-05-21,-0.70859
2004-05-28,-0.70146
2004-06-04,-0.69667
2004-06-11,-0.69402
2004-06-18,-0.69261
2004-06-25,-0.69303
2004-07-02,-0.69436
2004-07-09,-0.69636
2004-07-16,-0.69815
2004-07-23,-0.70017
2004-07-30,-0.70223
2004-08-06,-0.7034
2004-08-13,-0.7052
2004-08-20,-0.70646
2004-08-27,-0.70748
2004-09-03,-0.70714
2004-09-10,-0.70698
2004-09-17,-0.7066
2004-09-24,-0.70596
2004-10-01,-0.70515
2004-10-08,-0.70504
2004-10-15,-0.70575
2004-10-22,-0.70834
2004-10-29,-0.7115
2004-11-05,-0.71509
2004-11-12,-0.71933
2004-11-19,-0.72152
2004-11-26,-0.72217
2004-12-03,-0.72054
2004-12-10,-0.71749
2004-12-17,-0.71265
2004-12-24,-0.70736
2004-12-31,-0.70315
2005-01-07,-0.70077
2005-01-14,-0.70122
2005-01-21,-0.70372
2005-01-28,-0.70833
2005-02-04,-0.71386
2005-02-11,-0.71784
2005-02-18,-0.71861
2005-02-25,-0.71578
2005-03-04,-0.7087
2005-03-11,-0.69829
2005-03-18,-0.68482
2005-03-25,-0.67023
2005-04-01,-0.65575
2005-04-08,-0.64238
2005-04-15,-0.63062
2005-04-22,-0.6211
2005-04-29,-0.61399
2005-05-06,-0.60879
2005-05-13,-0.60514
2005-05-20,-0.60352
2005-05-27,-0.60394
2005-06-03,-0.60469
2005-06-10,-0.60618
2005-06-17,-0.60738
2005-06-24,-0.60893
2005-07-01,-0.61083
2005-07-08,-0.61232
2005-07-15,-0.61525
2005-07-22,-0.61718
2005-07-29,-0.61824
2005-08-05,-0.61714
2005-08-12,-0.61458
2005-08-19,-0.60948
2005-08-26,-0.6028
2005-09-02,-0.59489
2005-09-09,-0.58703
2005-09-16,-0.57954
2005-09-23,-0.57359
2005-09-30,-0.57042
2005-10-07,-0.57113
2005-10-14,-0.57526
2005-10-21,-0.58115
2005-10-28,-0.58742
2005-11-04,-0.59145
2005-11-11,-0.59293
2005-11-18,-0.5903
2005-11-25,-0.58524
2005-12-02,-0.57848
2005-12-09,-0.57185
2005-12-16,-0.56685
2005-12-23,-0.56533
2005-12-30,-0.56703
2006-01-06,-0.57323
2006-01-13,-0.58312
2006-01-20,-0.5938
2006-01-27,-0.60603
2006-02-03,-0.61685
2006-02-10,-0.62542
2006-02-17,-0.63201
2006-02-24,-0.63612
2006-03-03,-0.63728
2006-03-10,-0.63681
2006-03-17,-0.63545
2006-03-24,-0.63389
2006-03-31,-0.63131
2006-04-07,-0.62912
2006-04-14,-0.62673
2006-04-21,-0.62491
2006-04-28,-0.62211
2006-05-05,-0.61679
2006-05-12,-0.60942
2006-05-19,-0.5979
2006-05-26,-0.58438
2006-06-02,-0.57
2006-06-09,-0.55616
2006-06-16,-0.54359
2006-06-23,-0.53459
2006-06-30,-0.53045
2006-07-07,-0.53104
2006-07-14,-0.53687
2006-07-21,-0.54709
2006-07-28,-0.56076
2006-08-04,-0.57505
2006-08-11,-0.58833
2006-08-18,-0.59893
2006-08-25,-0.60581
2006-09-01,-0.60869
2006-09-08,-0.60869
2006-09-15,-0.60748
2006-09-22,-0.60684
2006-09-29,-0.60783
2006-10-06,-0.61136
2006-10-13,-0.61751
2006-10-20,-0.62417
2006-10-27,-0.63056
2006-11-03,-0.6343
2006-11-10,-0.63557
2006-11-17,-0.63408
2006-11-24,-0.63049
2006-12-01,-0.62616
2006-12-08,-0.62333
2006-12-15,-0.62391
2006-12-22,-0.62848
2006-12-29,-0.63701
2007-01-05,-0.64897
2007-01-12,-0.66222
2007-01-19,-0.67468
2007-01-26,-0.68421
2007-02-02,-0.68796
2007-02-09,-0.68642
2007-02-16,-0.67851
2007-02-23,-0.66577
2007-03-02,-0.64981
2007-03-09,-0.63514
2007-03-16,-0.62286
2007-03-23,-0.61452
2007-03-30,-0.60866
2007-04-06,-0.60492
2007-04-13,-0.6013
2007-04-20,-0.59688
2007-04-27,-0.5903
2007-05-04,-0.58147
2007-05-11,-0.57287
2007-05-18,-0.56379
2007-05-25,-0.5551
2007-06-01,-0.54846
2007-06-08,-0.54525
2007-06-15,-0.54138
2007-06-22,-0.536
2007-06-29,-0.52408
2007-07-06,-0.49969
2007-07-13,-0.45545
2007-07-20,-0.38742
2007-07-27,-0.29364
2007-08-03,-0.18133
2007-08-10,-0.06037
2007-08-17,0.05878
2007-08-24,0.15434
2007-08-31,0.20654
2007-09-07,0.22251
2007-09-14,0.19834
2007-09-21,0.14078
2007-09-28,0.07486
2007-10-05,0.01369
2007-10-12,-0.02695
2007-10-19,-0.03382
2007-10-26,-0.00301
2007-11-02,0.06407
2007-11-09,0.16248
2007-11-16,0.27372
2007-11-23,0.3867
2007-11-30,0.48036
2007-12-07,0.54338
2007-12-14,0.5697
2007-12-21,0.55871
2007-12-28,0.51852
2008-01-04,0.47053
2008-01-11,0.42574
2008-01-18,0.40247
2008-01-25,0.41054
2008-02-01,0.44065
2008-02-08,0.50239
2008-02-15,0.58731
2008-02-22,0.68655
2008-02-29,0.78669
2008-03-07,0.87822
2008-03-14,0.93896
2008-03-21,0.96261
2008-03-28,0.94089
2008-04-04,0.88677
2008-04-11,0.81216
2008-04-18,0.72945
2008-04-25,0.6438
2008-05-02,0.56882
2008-05-09,0.5145
2008-05-16,0.48213
2008-05-23,0.47732
2008-05-30,0.4987
2008-06-06,0.54476
2008-06-13,0.59904
2008-06-20,0.65603
2008-06-27,0.70887
2008-07-04,0.74171
2008-07-11,0.75102
2008-07-18,0.74143
2008-07-25,0.713
2008-08-01,0.68198
2008-08-08,0.66587
2008-08-15,0.67264
2008-08-22,0.72748
2008-08-29,0.83431
2008-09-05,1.00084
2008-09-12,1.22126
2008-09-19,1.50567
2008-09-26,1.78729
2008-10-03,2.06804
2008-10-10,2.31896
2008-10-17,2.51239
2008-10-24,2.65104
2008-10-31,2.76914
2008-11-07,2.85944
2008-11-14,2.93911
2008-11-21,3.01666
2008-11-28,3.0444
2008-12-05,3.03865
2008-12-12,2.97422
2008-12-19,2.84911
2008-12-26,2.68876
2009-01-02,2.53604
2009-01-09,2.38415
2009-01-16,2.26167
2009-01-23,2.17295
2009-01-30,2.11436
2009-02-06,2.08489
2009-02-13,2.08649
2009-02-20,2.1044
2009-02-27,2.12186
2009-03-06,2.12707
2009-03-13,2.08985
2009-03-20,2.01712
2009-03-27,1.91154
2009-04-03,1.78698
2009-04-10,1.6471
2009-04-17,1.50593
2009-04-24,1.3676
2009-05-01,1.2329
2009-05-08,1.109
2009-05-15,1.00756
2009-05-22,0.92324
2009-05-29,0.86389
2009-06-05,0.81668
2009-06-12,0.78113
2009-06-19,0.75134
2009-06-26,0.71479
2009-07-03,0.66955
2009-07-10,0.61457
2009-07-17,0.5478
2009-07-24,0.47612
2009-07-31,0.40746
2009-08-07,0.3479
2009-08-14,0.29952
2009-08-21,0.25948
2009-08-28,0.22314
2009-09-04,0.19103
2009-09-11,0.1577
2009-09-18,0.12446
2009-09-25,0.09528
2009-10-02,0.07312
2009-10-09,0.05247
2009-10-16,0.03567
2009-10-23,0.0227
2009-10-30,0.01514
2009-11-06,0.00643
2009-11-13,-0.00537
2009-11-20,-0.01935
2009-11-27,-0.03807
2009-12-04,-0.06303
2009-12-11,-0.09448
2009-12-18,-0.12768
2009-12-25,-0.15901
2010-01-01,-0.18443
2010-01-08,-0.20482
2010-01-15,-0.21403
2010-01-22,-0.21206
2010-01-29,-0.20713
2010-02-05,-0.20269
2010-02-12,-0.20542
2010-02-19,-0.22239
2010-02-26,-0.25124
2010-03-05,-0.29132
2010-03-12,-0.33781
2010-03-19,-0.38366
2010-03-26,-0.42459
2010-04-02,-0.45309
2010-04-09,-0.46495
2010-04-16,-0.45373
2010-04-23,-0.41791
2010-04-30,-0.35829
2010-05-07,-0.28052
2010-05-14,-0.20342
2010-05-21,-0.12967
2010-05-28,-0.07489
2010-06-04,-0.044
2010-06-11,-0.03525
2010-06-18,-0.05032
2010-06-25,-0.07801
2010-07-02,-0.11263
2010-07-09,-0.15459
2010-07-16,-0.19519
2010-07-23,-0.22862
2010-07-30,-0.25322
2010-08-06,-0.26749
2010-08-13,-0.27217
2010-08-20,-0.27331
2010-08-27,-0.27534
2010-09-03,-0.28267
2010-09-10,-0.29763
2010-09-17,-0.31708
2010-09-24,-0.33911
2010-10-01,-0.36325
2010-10-08,-0.3871
2010-10-15,-0.40894
2010-10-22,-0.42654
2010-10-29,-0.44038
2010-11-05,-0.44958
2010-11-12,-0.45289
2010-11-19,-0.45495
2010-11-26,-0.45737
2010-12-03,-0.46328
2010-12-10,-0.47523
2010-12-17,-0.49066
2010-12-24,-0.51015
2010-12-31,-0.53133
2011-01-07,-0.55293
2011-01-14,-0.57317
2011-01-21,-0.59058
2011-01-28,-0.60264
2011-02-04,-0.60761
2011-02-11,-0.60594
2011-02-18,-0.59633
2011-02-25,-0.58101
2011-03-04,-0.56707
2011-03-11,-0.55626
2011-03-18,-0.55055
2011-03-25,-0.55549
2011-04-01,-0.5663
2011-04-08,-0.58073
2011-04-15,-0.59419
2011-04-22,-0.60371
2011-04-29,-0.60735
2011-05-06,-0.60403
2011-05-13,-0.59447
2011-05-20,-0.58192
2011-05-27,-0.56792
2011-06-03,-0.55439
2011-06-10,-0.54191
2011-06-17,-0.53303
2011-06-24,-0.52605
2011-07-01,-0.51931
2011-07-08,-0.50752
2011-07-15,-0.48524
2011-07-22,-0.45093
2011-07-29,-0.40163
2011-08-05,-0.33704
2011-08-12,-0.26466
2011-08-19,-0.20087
2011-08-26,-0.14223
2011-09-02,-0.09971
2011-09-09,-0.06792
2011-09-16,-0.05013
2011-09-23,-0.04111
2011-09-30,-0.0434
2011-10-07,-0.05531
2011-10-14,-0.07731
2011-10-21,-0.09583
2011-10-28,-0.1102
2011-11-04,-0.11159
2011-11-11,-0.10386
2011-11-18,-0.09084
2011-11-25,-0.07748
2011-12-02,-0.07575
2011-12-09,-0.08198
2011-12-16,-0.09578
2011-12-23,-0.12025
2011-12-30,-0.15448
2012-01-06,-0.19606
2012-01-13,-0.24271
2012-01-20,-0.2892
2012-01-27,-0.33127
2012-02-03,-0.36407
2012-02-10,-0.38787
2012-02-17,-0.40325
2012-02-24,-0.41511
2012-03-02,-0.42603
2012-03-09,-0.43422
2012-03-16,-0.44179
2012-03-23,-0.44548
2012-03-30,-0.44327
2012-04-06,-0.43548
2012-04-13,-0.42254
2012-04-20,-0.40682
2012-04-27,-0.38574
2012-05-04,-0.35951
2012-05-11,-0.32758
2012-05-18,-0.29368
2012-05-25,-0.26658
2012-06-01,-0.24724
2012-06-08,-0.23982
2012-06-15,-0.24545
2012-06-22,-0.26108
2012-06-29,-0.28057
2012-07-06,-0.30368
2012-07-13,-0.32737
2012-07-20,-0.3512
2012-07-27,-0.37253
2012-08-03,-0.39398
2012-08-10,-0.41319
2012-08-17,-0.43145
2012-08-24,-0.44965
2012-08-31,-0.46717
2012-09-07,-0.48582
2012-09-14,-0.5053
2012-09-21,-0.52167
2012-09-28,-0.53478
2012-10-05,-0.54578
2012-10-12,-0.5526
2012-10-19,-0.55653
2012-10-26,-0.55605
2012-11-02,-0.5545
2012-11-09,-0.55242
2012-11-16,-0.55173
2012-11-23,-0.55548
2012-11-30,-0.56122
2012-12-07,-0.56984
2012-12-14,-0.58143
2012-12-21,-0.59399
2012-12-28,-0.60615
2013-01-04,-0.62087
2013-01-11,-0.6337
2013-01-18,-0.64328
2013-01-25,-0.65001
2013-02-01,-0.65346
2013-02-08,-0.65463
2013-02-15,-0.65597
2013-02-22,-0.65696
2013-03-01,-0.65745
2013-03-08,-0.65984
2013-03-15,-0.66284
2013-03-22,-0.66589
2013-03-29,-0.67066
2013-04-05,-0.67799
2013-04-12,-0.68862
2013-04-19,-0.69954
2013-04-26,-0.71203
2013-05-03,-0.72205
2013-05-10,-0.72715
2013-05-17,-0.72487
2013-05-24,-0.71515
2013-05-31,-0.69867
2013-06-07,-0.67878
2013-06-14,-0.65956
2013-06-21,-0.64373
2013-06-28,-0.63626
2013-07-05,-0.63654
2013-07-12,-0.64409
2013-07-19,-0.65639
2013-07-26,-0.66814
2013-08-02,-0.67624
2013-08-09,-0.67992
2013-08-16,-0.67886
2013-08-23,-0.67468
2013-08-30,-0.67066
2013-09-06,-0.66905
2013-09-13,-0.67124
2013-09-20,-0.67636
2013-09-27,-0.6841
2013-10-04,-0.69402
2013-10-11,-0.70648
2013-10-18,-0.72055
2013-10-25,-0.7344
2013-11-01,-0.74626
2013-11-08,-0.75672
2013-11-15,-0.76546
2013-11-22,-0.77201
2013-11-29,-0.77723
2013-12-06,-0.78095
2013-12-13,-0.78408
2013-12-20,-0.78607
2013-12-27,-0.78705
2014-01-03,-0.78469
2014-01-10,-0.78185
2014-01-17,-0.77747
2014-01-24,-0.77293
2014-01-31,-0.77002
2014-02-07,-0.77043
2014-02-14,-0.77416
2014-02-21,-0.77847
2014-02-28,-0.78268
2014-03-07,-0.78568
2014-03-14,-0.78612
2014-03-21,-0.7852
2014-03-28,-0.78241
2014-04-04,-0.78054
2014-04-11,-0.77797
2014-04-18,-0.77607
2014-04-25,-0.77539
2014-05-02,-0.77665
2014-05-09,-0.77958
2014-05-16,-0.78381
2014-05-23,-0.79013
2014-05-30,-0.7961
2014-06-06,-0.7996
2014-06-13,-0.79991
2014-06-20,-0.79664
2014-06-27,-0.78971
2014-07-04,-0.77971
2014-07-11,-0.76813
2014-07-18,-0.75587
2014-07-25,-0.74512
2014-08-01,-0.73645
2014-08-08,-0.73139
2014-08-15,-0.73092
2014-08-22,-0.73074
2014-08-29,-0.72837
2014-09-05,-0.72248
2014-09-12,-0.71162
2014-09-19,-0.6962
2014-09-26,-0.67848
2014-10-03,-0.66183
2014-10-10,-0.64974
2014-10-17,-0.64158
2014-10-24,-0.6429
2014-10-31,-0.64815
2014-11-07,-0.65543
2014-11-14,-0.66048
2014-11-21,-0.65969
2014-11-28,-0.65291
2014-12-05,-0.63953
2014-12-12,-0.61914
2014-12-19,-0.59581
2014-12-26,-0.57377
2015-01-02,-0.55134
2015-01-09,-0.53328
2015-01-16,-0.519
2015-01-23,-0.51112
2015-01-30,-0.50843
2015-02-06,-0.51083
2015-02-13,-0.5167
2015-02-20,-0.52486
2015-02-27,-0.53348
2015-03-06,-0.53989
2015-03-13,-0.54481
2015-03-20,-0.54917
2015-03-27,-0.55202
2015-04-03,-0.55456
2015-04-10,-0.55727
2015-04-17,-0.55886
2015-04-24,-0.56078
2015-05-01,-0.5612
2015-05-08,-0.56027
2015-05-15,-0.55978
2015-05-22,-0.55948
2015-05-29,-0.55842
2015-06-05,-0.55699
2015-06-12,-0.55521
2015-06-19,-0.55201
2015-06-26,-0.5492
2015-07-03,-0.54374
2015-07-10,-0.53851
2015-07-17,-0.53284
2015-07-24,-0.52226
2015-07-31,-0.50611
2015-08-07,-0.48539
2015-08-14,-0.46169
2015-08-21,-0.43701
2015-08-28,-0.41491
2015-09-04,-0.40063
2015-09-11,-0.3943
2015-09-18,-0.39437
2015-09-25,-0.40045
2015-10-02,-0.41102
2015-10-09,-0.42853
2015-10-16,-0.44466
2015-10-23,-0.45908
2015-10-30,-0.46932
2015-11-06,-0.47323
2015-11-13,-0.46903
2015-11-20,-0.45863
2015-11-27,-0.44336
2015-12-04,-0.42328
2015-12-11,-0.39912
2015-12-18,-0.37533
2015-12-25,-0.35302
2016-01-01,-0.33312
2016-01-08,-0.31507
2016-01-15,-0.29892
2016-01-22,-0.28656
2016-01-29,-0.27846
2016-02-05,-0.27401
2016-02-12,-0.27436
2016-02-19,-0.28506
2016-02-26,-0.30129
2016-03-04,-0.32125
2016-03-11,-0.34129
2016-03-18,-0.35944
2016-03-25,-0.37211
2016-04-01,-0.38111
2016-04-08,-0.38587
2016-04-15,-0.3891
2016-04-22,-0.39084
2016-04-29,-0.39012
2016-05-06,-0.38762
2016-05-13,-0.3851
2016-05-20,-0.38171
2016-05-27,-0.37725
2016-06-03,-0.37134
2016-06-10,-0.36503
2016-06-17,-0.35785
2016-06-24,-0.35389
2016-07-01,-0.35207
2016-07-08,-0.35482
2016-07-15,-0.36071
2016-07-22,-0.36632
2016-07-29,-0.37157
2016-08-05,-0.37442
2016-08-12,-0.37508
2016-08-19,-0.37279
2016-08-26,-0.36746
2016-09-02,-0.35997
2016-09-09,-0.35356
2016-09-16,-0.34865
2016-09-23,-0.34703
2016-09-30,-0.34994
2016-10-07,-0.35701
2016-10-14,-0.36602
2016-10-21,-0.37713
2016-10-28,-0.38999
2016-11-04,-0.40189
2016-11-11,-0.4158
2016-11-18,-0.42853
2016-11-25,-0.43977
2016-12-02,-0.44963
2016-12-09,-0.45845
2016-12-16,-0.46531
2016-12-23,-0.47106
2016-12-30,-0.47738
2017-01-06,-0.48302
2017-01-13,-0.48869
2017-01-20,-0.49339
2017-01-27,-0.49692
2017-02-03,-0.49918
2017-02-10,-0.50038
2017-02-17,-0.49973
2017-02-24,-0.49756
2017-03-03,-0.49562
2017-03-10,-0.49301
2017-03-17,-0.49058
2017-03-24,-0.48899
2017-03-31,-0.49029
2017-04-07,-0.49353
2017-04-14,-0.49917
2017-04-21,-0.50684
2017-04-28,-0.51692
2017-05-05,-0.52696
2017-05-12,-0.53684
2017-05-19,-0.54556
2017-05-26,-0.55451
2017-06-02,-0.56156
2017-06-09,-0.56716
2017-06-16,-0.57135
2017-06-23,-0.57414
2017-06-30,-0.57721
2017-07-07,-0.58014
2017-07-14,-0.58334
2017-07-21,-0.58553
2017-07-28,-0.58512
2017-08-04,-0.58195
2017-08-11,-0.57655
2017-08-18,-0.57099
2017-08-25,-0.56688
2017-09-01,-0.5647
2017-09-08,-0.56435
2017-09-15,-0.56728
2017-09-22,-0.57172
2017-09-29,-0.57722
2017-10-06,-0.58413
2017-10-13,-0.59121
2017-10-20,-0.59803
2017-10-27,-0.60333
2017-11-03,-0.60742
2017-11-10,-0.6094
2017-11-17,-0.61032
2017-11-24,-0.61107
2017-12-01,-0.61201
2017-12-08,-0.61313
2017-12-15,-0.61574
2017-12-22,-0.61949
2017-12-29,-0.62312
2018-01-05,-0.62679
2018-01-12,-0.62673
2018-01-19,-0.62213
2018-01-26,-0.61298
2018-02-02,-0.59894
2018-02-09,-0.58097
2018-02-16,-0.56516
2018-02-23,-0.5503
2018-03-02,-0.53601
2018-03-09,-0.52293
2018-03-16,-0.51244
2018-03-23,-0.50486
2018-03-30,-0.50317
2018-04-06,-0.50676
2018-04-13,-0.51686
2018-04-20,-0.5312
2018-04-27,-0.54473
2018-05-04,-0.55666
2018-05-11,-0.56576
2018-05-18,-0.57052
2018-05-25,-0.57002
2018-06-01,-0.56498
2018-06-08,-0.55909
2018-06-15,-0.55214
2018-06-22,-0.54622
2018-06-29,-0.54299
2018-07-06,-0.54423
2018-07-13,-0.54974
2018-07-20,-0.55782
2018-07-27,-0.56699
2018-08-03,-0.57613
2018-08-10,-0.58516
2018-08-17,-0.59206
2018-08-24,-0.59777
2018-08-31,-0.60176
2018-09-07,-0.60389
2018-09-14,-0.60416
2018-09-21,-0.60141
2018-09-28,-0.59683
2018-10-05,-0.58983
2018-10-12,-0.57951
2018-10-19,-0.56799
2018-10-26,-0.55422
2018-11-02,-0.53877
2018-11-09,-0.52259
2018-11-16,-0.503
2018-11-23,-0.48159
2018-11-30,-0.46118
2018-12-07,-0.44184
2018-12-14,-0.42826
2018-12-21,-0.4221
2018-12-28,-0.42545
2019-01-04,-0.43849
2019-01-11,-0.45856
2019-01-18,-0.48214
2019-01-25,-0.50648
2019-02-01,-0.53028
2019-02-08,-0.55067
2019-02-15,-0.56779
2019-02-22,-0.58098
2019-03-01,-0.5898
2019-03-08,-0.5949
2019-03-15,-0.59875
2019-03-22,-0.60266
2019-03-29,-0.60549
2019-04-05,-0.60975
2019-04-12,-0.61316
2019-04-19,-0.61523
2019-04-26,-0.61423
2019-05-03,-0.6107
2019-05-10,-0.60369
2019-05-17,-0.59525
2019-05-24,-0.58702
2019-05-31,-0.57889
2019-06-07,-0.57349
2019-06-14,-0.57134
2019-06-21,-0.57123
2019-06-28,-0.57362
2019-07-05,-0.57772
2019-07-12,-0.57978
2019-07-19,-0.57968
2019-07-26,-0.5764
2019-08-02,-0.56862
2019-08-09,-0.55775
2019-08-16,-0.5462
2019-08-23,-0.53606
2019-08-30,-0.52674
2019-09-06,-0.51992
2019-09-13,-0.51445
2019-09-20,-0.51024
2019-09-27,-0.51001
2019-10-04,-0.51333
2019-10-11,-0.5215
2019-10-18,-0.53382
2019-10-25,-0.5477
2019-11-01,-0.55991
2019-11-08,-0.56978
2019-11-15,-0.57521
2019-11-22,-0.57547
2019-11-29,-0.57062
2019-12-06,-0.56161
2019-12-13,-0.55393
2019-12-20,-0.54966
2019-12-27,-0.55409
2020-01-03,-0.56699
2020-01-10,-0.58673
2020-01-17,-0.60807
2020-01-24,-0.62161
2020-01-31,-0.62001
2020-02-07,-0.59517
2020-02-14,-0.53623
2020-02-21,-0.43616
2020-02-28,-0.29617
2020-03-06,-0.13273
2020-03-13,0.03631
2020-03-20,0.18408
2020-03-27,0.27744
2020-04-03,0.3153
2020-04-10,0.30052
2020-04-17,0.24338
2020-04-24,0.16381
2020-05-01,0.06545
2020-05-08,-0.03473
2020-05-15,-0.1255
2020-05-22,-0.20566
2020-05-29,-0.26946
2020-06-05,-0.31602
2020-06-12,-0.34561
2020-06-19,-0.36799
2020-06-26,-0.38611
2020-07-03,-0.4033
2020-07-10,-0.42214
2020-07-17,-0.44124
2020-07-24,-0.46055
2020-07-31,-0.47829
2020-08-07,-0.49204
2020-08-14,-0.50235
2020-08-21,-0.50852
2020-08-28,-0.51049
2020-09-04,-0.50817
2020-09-11,-0.50364
2020-09-18,-0.49974
2020-09-25,-0.49394
2020-10-02,-0.49072
2020-10-09,-0.49082
2020-10-16,-0.49321
2020-10-23,-0.49901
2020-10-30,-0.50739
2020-11-06,-0.521
2020-11-13,-0.53786
2020-11-20,-0.55418
2020-11-27,-0.56886
2020-12-04,-0.58182
2020-12-11,-0.59205
2020-12-18,-0.59938
2020-12-25,-0.60556
2021-01-01,-0.61083
2021-01-08,-0.61535
2021-01-15,-0.61799
2021-01-22,-0.61992
2021-01-29,-0.62015
2021-02-05,-0.6223
2021-02-12,-0.62395
2021-02-19,-0.62569
2021-02-26,-0.62768
2021-03-05,-0.63182
2021-03-12,-0.63682
2021-03-19,-0.64223
2021-03-26,-0.64882
2021-04-02,-0.65579
2021-04-09,-0.66407
2021-04-16,-0.67094
2021-04-23,-0.67724
2021-04-30,-0.68253
2021-05-07,-0.68741
2021-05-14,-0.68943
2021-05-21,-0.69186
2021-05-28,-0.69401
2021-06-04,-0.69492
2021-06-11,-0.69414
2021-06-18,-0.69102
2021-06-25,-0.68695
2021-07-02,-0.68134
2021-07-09,-0.67458
2021-07-16,-0.6678
2021-07-23,-0.66122
2021-07-30,-0.65587
2021-08-06,-0.65118
2021-08-13,-0.64845
2021-08-20,-0.64677
2021-08-27,-0.6475
2021-09-03,-0.64868
2021-09-10,-0.65052
2021-09-17,-0.65268
2021-09-24,-0.65387
2021-10-01,-0.65414
2021-10-08,-0.65239
2021-10-15,-0.6468
2021-10-22,-0.63694
2021-10-29,-0.62243
2021-11-05,-0.60465
2021-11-12,-0.58522
2021-11-19,-0.56703
2021-11-26,-0.55084
2021-12-03,-0.53961
2021-12-10,-0.53749
2021-12-17,-0.54014
2021-12-24,-0.54726
2021-12-31,-0.55592
2022-01-07,-0.56186
2022-01-14,-0.56198
2022-01-21,-0.55542
2022-01-28,-0.54137
2022-02-04,-0.52249
2022-02-11,-0.49709
2022-02-18,-0.46741
2022-02-25,-0.43775
2022-03-04,-0.41052
2022-03-11,-0.38946
2022-03-18,-0.37766
2022-03-25,-0.37219
2022-04-01,-0.37019
2022-04-08,-0.36793
2022-04-15,-0.3611
2022-04-22,-0.35064
2022-04-29,-0.33543
2022-05-06,-0.31772
2022-05-13,-0.29892
2022-05-20,-0.28016
2022-05-27,-0.25912
2022-06-03,-0.23619
2022-06-10,-0.21169
2022-06-17,-0.18762
2022-06-24,-0.17158
2022-07-01,-0.16516
2022-07-08,-0.1684
2022-07-15,-0.18177
2022-07-22,-0.20087
2022-07-29,-0.21897
2022-08-05,-0.23207
2022-08-12,-0.23948
2022-08-19,-0.23715
2022-08-26,-0.22462
2022-09-02,-0.20373
2022-09-09,-0.17794
2022-09-16,-0.1502
2022-09-23,-0.12507
2022-09-30,-0.10641
2022-10-07,-0.0996
2022-10-14,-0.10189
2022-10-21,-0.11272
2022-10-28,-0.12815
2022-11-04,-0.14617
2022-11-11,-0.16334
2022-11-18,-0.17607
2022-11-25,-0.18373
2022-12-02,-0.18816
2022-12-09,-0.19091
2022-12-16,-0.19712
2022-12-23,-0.20698
2022-12-30,-0.22423
2023-01-06,-0.24692
2023-01-13,-0.27145
2023-01-20,-0.29236
2023-01-27,-0.3092
2023-02-03,-0.31663
2023-02-10,-0.31283
2023-02-17,-0.29838
2023-02-24,-0.27296
2023-03-03,-0.24198
2023-03-10,-0.20943
2023-03-17,-0.1778
2023-03-24,-0.1592
2023-03-31,-0.15572
2023-04-07,-0.15927
2023-04-14,-0.17081
2023-04-21,-0.18446
2023-04-28,-0.19507
2023-05-05,-0.20315
2023-05-12,-0.20952
2023-05-19,-0.21339
2023-05-26,-0.2153
2023-06-02,-0.21709
2023-06-09,-0.21813
2023-06-16,-0.2202
2023-06-23,-0.22435
2023-06-30,-0.23046
2023-07-07,-0.23919
2023-07-14,-0.25204
2023-07-21,-0.26685
2023-07-28,-0.28257
2023-08-04,-0.29977
2023-08-11,-0.31551
2023-08-18,-0.32795
2023-08-25,-0.3368
2023-09-01,-0.34256
2023-09-08,-0.34255
2023-09-15,-0.33796
2023-09-22,-0.32903
2023-09-29,-0.31674
2023-10-06,-0.30545
2023-10-13,-0.29575
2023-10-20,-0.28966
2023-10-27,-0.28867
2023-11-03,-0.29341
2023-11-10,-0.302
2023-11-17,-0.31255
2023-11-24,-0.32377
2023-12-01,-0.33417
2023-12-08,-0.34297
2023-12-15,-0.35196
2023-12-22,-0.36121
2023-12-29,-0.36973
2024-01-05,-0.37842
2024-01-12,-0.38653
2024-01-19,-0.39363
2024-01-26,-0.39963
2024-02-02,-0.40632
2024-02-09,-0.41292
2024-02-16,-0.42062
2024-02-23,-0.42866
2024-03-01,-0.43502
2024-03-08,-0.43877
2024-03-15,-0.44052
2024-03-22,-0.43907
2024-03-29,-0.43504
2024-04-05,-0.43026
2024-04-12,-0.42493
2024-04-19,-0.42027
2024-04-26,-0.41856
2024-05-03,-0.41881
2024-05-10,-0.41984
2024-05-17,-0.4204
2024-05-24,-0.41988
2024-05-31,-0.41632
2024-06-07,-0.41055
2024-06-14,-0.40329
2024-06-21,-0.39565
2024-06-28,-0.38924
2024-07-05,-0.3843
2024-07-12,-0.37906
2024-07-19,-0.37417
2024-07-26,-0.37034
2024-08-02,-0.36805
2024-08-09,-0.3688
2024-08-16,-0.3769
2024-08-23,-0.38718
2024-08-30,-0.39884
2024-09-06,-0.41038
2024-09-13,-0.42048
2024-09-20,-0.42862
2024-09-27,-0.43487
2024-10-04,-0.43887
2024-10-11,-0.44175
2024-10-18,-0.44592
2024-10-25,-0.45017
2024-11-01,-0.45599
2024-11-08,-0.46388
2024-11-15,-0.47136
2024-11-22,-0.47642
2024-11-29,-0.47986
2024-12-06,-0.48222
2024-12-13,-0.48381
2024-12-20,-0.485
2024-12-27,-0.48922
2025-01-03,-0.49416
2025-01-10,-0.50046
2025-01-17,-0.50575
2025-01-24,-0.51068
2025-01-31,-0.51346
2025-02-07,-0.51216
2025-02-14,-0.50741
2025-02-21,-0.49777
2025-02-28,-0.4843
2025-03-07,-0.46765
2025-03-14,-0.4494
2025-03-21,-0.43159
2025-03-28,-0.41476
2025-04-04,-0.39962
2025-04-11,-0.38862
2025-04-18,-0.38896
2025-04-25,-0.39543
2025-05-02,-0.40873
2025-05-09,-0.42592
2025-05-16,-0.44311
2025-05-23,-0.45735
2025-05-30,-0.46871
2025-06-06,-0.47762
2025-06-13,-0.48506
2025-06-20,-0.49192
2025-06-27,-0.49954
2025-07-04,-0.50791
2025-07-11,-0.51592
2025-07-18,-0.52272
2025-07-25,-0.52842
2025-08-01,-0.53193
2025-08-08,-0.53302
2025-08-15,-0.53318
2025-08-22,-0.53042
2025-08-29,-0.52578
